Area,BHK,Bathroom,Furnishing,Locality,Parking,Price,Status,Transaction,Type,Per_Sqft
800.0,3,2.0,1,282,1.0,6500000,1,0,1,11291.5
750.0,2,2.0,1,138,1.0,5000000,1,0,0,6667.0
950.0,2,2.0,0,49,1.0,15500000,1,1,0,6667.0
600.0,2,2.0,1,280,1.0,4200000,1,1,1,6667.0
650.0,2,2.0,1,281,1.0,6200000,1,0,1,6667.0
1300.0,4,3.0,1,280,1.0,15500000,1,0,1,6667.0
1350.0,4,3.0,1,280,1.0,10000000,1,1,1,6667.0
650.0,2,2.0,1,93,1.0,4000000,1,0,0,6154.0
985.0,3,3.0,2,277,1.0,6800000,0,0,1,6154.0
1300.0,4,4.0,1,278,1.0,15000000,1,0,1,6154.0
1100.0,3,2.0,1,276,1.0,6200000,1,0,1,6154.0
870.0,3,2.0,1,282,1.0,7700000,1,0,1,6154.0
630.0,2,2.0,1,280,1.0,5500000,1,0,1,6154.0
660.0,2,2.0,1,280,1.0,5000000,1,1,1,6154.0
344.4448,2,2.0,1,285,1.0,3310000,1,1,1,6154.0
660.0,2,2.0,1,283,1.0,4700000,1,0,1,6154.0
550.0,2,2.0,1,278,1.0,4500000,1,0,1,6154.0
1100.0,4,3.0,1,273,1.0,17000000,1,0,1,6154.0
1150.0,3,3.0,1,272,1.0,25000000,1,1,0,6154.0
650.0,2,2.0,1,280,1.0,6000000,1,1,1,6154.0
850.0,2,2.0,1,192,1.0,11000000,1,1,0,6154.0
900.0,3,2.0,1,354,5.0,4500000,1,1,1,6154.0
430.556,1,1.0,0,274,2.0,5300000,1,1,0,6154.0
900.0,2,2.0,1,244,1.0,10500000,1,1,0,6154.0
914.9315,2,2.0,1,284,1.0,12000000,1,1,1,6154.0
1100.0,3,3.0,0,276,1.0,7000000,1,0,1,6364.0
800.0,3,2.0,1,282,1.0,7000000,1,1,1,8750.0
500.0,1,1.0,1,302,1.0,3400000,1,1,0,8750.0
28.0,2,2.0,0,282,1.0,5000000,1,0,0,8750.0
2160.0,4,4.0,0,275,1.0,21000000,1,0,1,9722.0
1500.0,1,2.0,2,168,1.0,13500000,1,1,0,11291.5
800.0,2,2.0,2,167,1.0,15000000,1,0,1,11291.5
900.0,2,2.0,2,166,1.0,10500000,1,0,1,11291.5
1080.0,3,2.0,1,355,1.0,22500000,1,0,1,11291.5
750.0,2,2.0,2,170,1.0,13600000,1,0,1,11291.5
1450.0,3,3.0,1,169,2.0,30000000,1,0,1,11291.5
900.0,2,2.0,1,166,1.0,13500000,1,0,0,11291.5
810.0,2,2.0,1,89,1.0,8910000,1,1,1,11291.5
1350.0,3,4.0,2,166,1.0,25000000,1,1,0,11291.5
1710.0,3,3.0,1,168,4.0,26000000,1,0,1,11291.5
1650.0,3,3.0,1,166,1.0,30000000,1,1,1,11291.5
1280.0,2,2.0,0,166,1.0,12500000,1,1,1,11291.5
1260.0,3,3.0,1,169,1.0,21000000,1,1,1,11291.5
1130.0,2,2.0,2,170,1.0,7800000,1,1,1,11291.5
600.0,2,2.0,1,8,1.0,11500000,1,0,1,11291.5
850.0,2,2.0,1,167,1.0,11500000,1,1,1,11291.5
1500.0,3,3.0,1,168,2.0,26000000,1,0,1,11291.5
900.0,2,2.0,1,8,2.0,13000000,1,0,1,14444.0
1000.0,3,3.0,1,355,1.0,22000000,1,0,1,22000.0
900.0,2,2.0,1,168,1.0,15800000,1,0,1,22000.0
900.0,2,2.0,2,167,2.0,10000000,1,1,1,22000.0
1600.0,3,3.0,2,169,2.0,30000000,1,0,1,22000.0
1143.0,3,3.0,2,355,2.0,22000000,1,0,1,22000.0
1150.0,3,3.0,1,355,2.0,24000000,1,0,1,22000.0
1500.0,3,3.0,1,169,1.0,31500000,1,1,1,22000.0
850.0,2,2.0,1,168,1.0,14600000,1,1,1,22000.0
890.0,2,2.0,1,167,1.0,8300000,1,1,1,22000.0
1100.0,3,3.0,2,355,1.0,22500000,1,0,1,22000.0
750.0,1,1.0,0,62,2.0,4600000,1,1,0,11291.5
850.0,2,1.0,1,326,2.0,1900000,1,0,0,2235.0
1350.0,3,2.0,2,175,1.0,5130000,1,0,0,3800.0
1387.0,4,4.0,2,92,1.0,5890000,1,0,0,4247.0
1050.0,3,2.0,2,340,1.0,3700000,1,0,0,3524.0
1500.0,3,2.0,2,162,1.0,17400000,1,1,0,3524.0
1200.0,3,3.0,1,19,1.0,15500000,1,1,0,3524.0
700.0,2,1.0,1,175,1.0,2400000,0,0,0,3524.0
1700.0,3,2.0,1,334,1.0,17200000,1,1,0,3524.0
1550.0,3,2.0,0,324,2.0,14200000,1,1,0,3524.0
1400.0,3,3.0,1,48,1.0,13500000,1,1,0,3524.0
1900.0,4,4.0,1,203,1.0,30000000,1,1,0,3524.0
2160.0,4,3.0,2,40,1.0,21000000,1,1,0,3524.0
1700.0,4,3.0,2,215,1.0,20500000,1,1,0,3524.0
1850.0,3,4.0,1,101,1.0,24000000,1,1,0,3524.0
1800.0,4,2.0,1,193,1.0,16500000,1,1,0,3524.0
1620.0,3,2.0,1,52,1.0,14900000,1,1,0,3524.0
1800.0,4,3.0,0,22,1.0,19200000,1,1,0,3524.0
1540.0,3,3.0,1,211,1.0,14500000,1,1,0,3524.0
1600.0,3,3.0,1,18,1.0,15600000,1,1,0,3524.0
1400.0,3,2.0,2,137,1.0,11400000,1,1,0,3524.0
2300.0,4,4.0,0,202,1.0,31500000,1,1,0,3524.0
1560.0,3,2.0,0,21,2.0,15800000,1,1,0,3524.0
1500.0,3,3.0,1,154,2.0,16000000,1,1,0,3524.0
1540.0,3,3.0,1,211,1.0,14500000,1,1,0,3524.0
1050.0,2,2.0,2,165,1.0,10500000,1,1,0,3524.0
1800.0,3,2.0,1,105,1.0,14800000,1,1,0,3524.0
400.0,1,1.0,1,104,1.0,1850000,1,0,1,3524.0
1150.0,3,2.0,1,103,1.0,6800000,1,0,1,3524.0
1525.0,3,3.0,1,48,1.0,14200000,1,1,0,3524.0
900.0,1,1.0,1,169,1.0,8900000,1,1,1,11291.5
1450.0,3,3.0,1,169,2.0,37500000,1,0,1,11291.5
1450.0,3,3.0,1,169,2.0,30000000,1,0,1,11291.5
1260.0,3,3.0,1,169,2.0,21000000,1,1,1,11291.5
1710.0,3,3.0,1,169,1.0,30000000,1,1,1,11291.5
1600.0,3,3.0,2,169,1.0,30000000,1,0,1,11291.5
1500.0,3,3.0,1,169,1.0,31500000,1,1,1,11291.5
2200.0,3,3.0,2,169,1.0,30000000,1,1,1,11291.5
1350.0,3,3.0,2,169,1.0,41500000,1,0,1,11291.5
1710.0,3,3.0,1,169,1.0,24800000,1,1,1,11291.5
1350.0,3,3.0,1,169,2.0,35000000,1,1,1,11291.5
1500.0,3,3.0,1,169,1.0,40000000,1,1,1,26666.0
2880.0,4,5.0,2,169,1.0,46000000,1,0,1,15972.0
2700.0,4,4.0,1,169,2.0,55000000,1,1,1,183333.0
1400.0,3,3.0,2,169,1.0,24500000,1,1,1,183333.0
1800.0,3,3.0,2,169,1.0,24500000,1,1,0,183333.0
1400.0,3,3.0,1,169,1.0,32500000,1,0,1,183333.0
1000.0,2,2.0,0,169,1.0,20000000,1,1,0,20000.0
1000.0,2,2.0,0,169,1.0,20000000,1,1,0,20000.0
1700.0,3,3.0,0,169,2.0,19000000,1,1,1,20000.0
1600.0,3,3.0,2,169,2.0,26000000,1,1,1,20000.0
1350.0,3,3.0,2,169,1.0,21000000,1,1,1,15556.0
1700.0,3,3.0,1,169,1.0,27500000,1,1,1,16176.0
1400.0,3,3.0,1,169,2.0,32500000,1,0,1,16176.0
1450.0,3,3.0,1,169,1.0,45000000,1,0,1,16176.0
1350.0,3,3.0,1,169,1.0,21000000,1,1,1,15556.0
1700.0,3,3.0,2,169,1.0,28000000,1,1,1,15556.0
1600.0,3,3.0,2,169,2.0,29500000,1,1,1,15556.0
1500.0,1,2.0,2,168,1.0,13500000,1,1,0,11291.5
800.0,2,2.0,2,168,1.0,14000000,1,0,1,11291.5
1710.0,3,3.0,1,168,4.0,26000000,1,0,1,11291.5
1350.0,2,2.0,0,168,4.0,12500000,1,1,1,9259.0
1500.0,3,3.0,1,168,2.0,26000000,1,0,1,9259.0
750.0,2,2.0,1,356,2.0,11500000,1,0,1,9259.0
850.0,2,2.0,1,168,2.0,14600000,1,1,1,9259.0
1575.0,3,3.0,1,168,1.0,25500000,1,0,1,9259.0
1675.0,3,3.0,1,168,2.0,31000000,1,0,1,18507.0
1350.0,3,3.0,1,168,2.0,22000000,1,1,1,18507.0
900.0,2,2.0,1,168,2.0,13400000,1,0,1,18507.0
1800.0,3,3.0,1,168,2.0,35000000,0,0,1,18507.0
900.0,2,2.0,0,168,2.0,11000000,1,1,1,18507.0
900.0,2,2.0,2,356,2.0,6300000,1,1,1,7000.0
900.0,2,2.0,0,168,2.0,12500000,1,1,1,7000.0
800.0,2,2.0,2,168,1.0,14500000,1,0,1,7000.0
1100.0,2,3.0,1,168,1.0,22500000,1,0,1,7000.0
810.0,2,2.0,1,168,1.0,15500000,1,0,1,7000.0
1500.0,3,3.0,1,168,1.0,26000000,1,0,1,7000.0
900.0,2,2.0,1,168,1.0,15800000,1,0,1,7000.0
825.0,2,2.0,2,168,1.0,15000000,1,0,1,7000.0
900.0,2,2.0,2,168,1.0,13000000,1,0,1,7000.0
875.0,2,2.0,2,168,1.0,15000000,1,0,1,7000.0
1350.0,3,3.0,1,168,1.0,25000000,1,0,1,7000.0
750.0,2,2.0,1,168,1.0,16500000,1,0,1,7000.0
900.0,2,2.0,2,168,1.0,10300000,1,0,1,7000.0
1350.0,3,3.0,1,168,1.0,26000000,1,0,1,7000.0
900.0,2,2.0,2,168,1.0,11000000,1,1,1,7000.0
1800.0,3,3.0,2,168,1.0,28500000,1,0,1,7000.0
900.0,2,2.0,2,168,1.0,11000000,1,1,1,7000.0
900.0,2,1.0,0,34,1.0,11000000,1,1,0,11291.5
810.0,3,2.0,1,34,1.0,4500000,1,1,1,11291.5
450.0,2,1.0,2,37,1.0,3600000,1,1,1,72000.0
100.0,3,2.0,0,35,1.0,4300000,1,0,1,43000.0
900.0,3,2.0,1,34,1.0,4000000,1,1,1,4444.0
500.0,2,2.0,1,35,1.0,1650000,1,1,0,3300.0
450.0,1,1.0,0,34,1.0,2000000,1,1,1,4444.0
75.0,2,2.0,1,34,1.0,3000000,1,1,1,40000.0
270.0,2,1.0,1,35,1.0,1400000,1,1,0,5185.0
500.0,2,1.0,1,35,1.0,2000000,1,1,1,4000.0
444.0,2,2.0,2,35,1.0,2000000,1,1,0,4000.0
400.0,1,1.0,0,34,1.0,2000000,1,1,1,4000.0
729.0,3,4.0,0,34,1.0,2600000,1,1,1,3567.0
4050.0,6,3.0,0,35,1.0,5100000,1,1,1,1259.0
2400.0,6,4.0,0,36,1.0,6000000,1,1,1,2500.0
450.0,2,2.0,0,34,1.0,4000000,1,1,1,2500.0
405.0,2,3.0,0,36,1.0,6200000,1,1,1,2500.0
666.0,1,2.0,0,35,1.0,3500000,1,1,1,5255.0
1000.0,2,2.0,1,303,1.0,7600000,1,1,0,5255.0
1360.0,4,3.0,1,280,1.0,13500000,1,0,1,5255.0
1550.0,4,3.0,1,280,1.0,12500000,1,0,1,5255.0
850.0,3,2.0,1,279,1.0,6500000,1,0,1,5255.0
2170.0,4,4.0,2,279,2.0,22000000,1,0,1,5255.0
720.0,3,2.0,1,279,1.0,6000000,1,0,1,5255.0
850.0,3,2.0,1,279,1.0,7300000,1,0,1,5255.0
950.0,3,2.0,1,279,1.0,7600000,1,0,1,5255.0
2300.0,4,4.0,1,279,1.0,20000000,1,0,1,5255.0
1300.0,4,4.0,1,278,1.0,15000000,1,0,1,5255.0
1100.0,3,2.0,1,276,1.0,6200000,1,0,1,5255.0
1030.0,3,2.0,0,276,1.0,6200000,1,0,1,5255.0
350.0,1,1.0,1,271,1.0,2300000,1,0,1,11291.5
750.0,2,2.0,1,138,1.0,5000000,1,0,0,6667.0
720.0,2,2.0,1,138,1.0,4700000,1,0,0,6528.0
800.0,2,2.0,1,138,1.0,5500000,1,0,0,6875.0
350.0,1,1.0,1,138,1.0,2000000,1,0,0,5714.0
980.0,3,2.0,1,138,1.0,7300000,1,0,0,7449.0
1600.0,4,3.0,1,138,1.0,13000000,1,0,0,8125.0
1450.0,3,3.0,1,138,1.0,11500000,1,0,0,7931.0
445.0,2,2.0,1,138,1.0,2800000,1,0,0,7931.0
380.0,1,1.0,1,138,1.0,2200000,1,0,0,5789.0
680.0,2,2.0,1,138,1.0,4400000,1,0,0,6471.0
1600.0,3,3.0,1,138,1.0,13500000,1,0,0,8438.0
630.0,2,2.0,1,138,1.0,4100000,1,0,0,6508.0
1500.0,3,2.0,1,138,1.0,12000000,1,0,0,8000.0
550.0,2,2.0,1,138,1.0,3500000,1,0,0,6364.0
2500.0,4,3.0,1,138,1.0,15000000,1,0,0,6000.0
2800.0,5,4.0,1,138,1.0,17500000,1,0,0,6250.0
300.0,1,1.0,1,138,1.0,1900000,1,0,0,6333.0
800.0,3,2.0,1,138,1.0,5500000,1,0,0,6875.0
1295.0,3,2.0,1,138,1.0,10000000,1,0,0,6875.0
700.0,3,2.0,1,138,1.0,4700000,1,0,0,6714.0
350.0,1,1.0,1,138,1.0,2400000,1,0,1,6714.0
450.0,2,2.0,1,138,1.0,3800000,1,0,1,6714.0
2200.0,4,4.0,1,138,1.0,23000000,1,0,1,6714.0
2300.0,4,4.0,1,138,1.0,24500000,1,0,1,6714.0
1150.0,3,2.0,1,138,1.0,10000000,1,0,1,6714.0
800.0,3,2.0,1,138,1.0,5500000,1,0,1,6714.0
850.0,3,2.0,1,138,1.0,7000000,1,0,1,6714.0
720.0,3,2.0,1,138,1.0,6500000,1,0,1,6714.0
750.0,2,2.0,1,138,1.0,5000000,1,0,0,6667.0
950.0,3,2.0,0,343,1.0,4370000,1,0,0,4600.0
1000.0,3,2.0,2,357,1.0,4620000,1,0,0,4620.0
850.0,2,1.0,1,326,1.0,1900000,1,0,0,2235.0
1350.0,3,2.0,2,175,1.0,5130000,1,0,0,3800.0
540.0,2,2.0,1,5,1.0,3000000,1,0,0,5000.0
1387.0,4,4.0,2,92,1.0,5890000,1,0,0,4247.0
540.0,2,2.0,1,163,1.0,3300000,1,0,0,6111.0
976.0,2,2.0,0,118,1.0,24900000,1,0,0,25512.0
1050.0,3,2.0,2,340,1.0,3700000,1,0,0,3524.0
1500.0,3,2.0,2,162,1.0,17400000,1,1,0,22222.0
2900.0,5,5.0,0,141,1.0,51000000,0,0,1,22222.0
1000.0,3,2.0,1,231,1.0,5510000,0,0,1,22222.0
1135.0,3,3.0,0,339,2.0,25000000,0,1,0,22222.0
850.0,2,2.0,1,97,1.0,2940000,0,0,0,24718.0
1200.0,3,3.0,1,19,1.0,15500000,1,1,0,24718.0
1700.0,3,2.0,1,334,1.0,17200000,1,1,0,24718.0
1800.0,4,3.0,1,351,2.0,55000000,1,1,1,30556.0
1100.0,2,2.0,1,346,1.0,15000000,1,1,0,30556.0
22050.0,4,4.0,1,123,2.0,51000000,0,0,1,30556.0
1550.0,4,3.0,1,280,1.0,13000000,1,0,1,30556.0
1600.0,3,3.0,1,123,1.0,30000000,1,0,1,18750.0
700.0,2,2.0,1,155,1.0,2400000,1,0,1,18750.0
45.0,4,3.0,2,29,1.0,5500000,1,0,1,18750.0
3510.0,4,4.0,1,110,2.0,45000000,1,1,1,11291.5
1700.0,3,3.0,1,109,2.0,38500000,1,0,1,120000.0
2500.0,3,3.0,1,176,2.0,50000000,1,1,0,120000.0
1600.0,3,3.0,1,218,2.0,40000000,1,1,0,15459.0
2200.0,4,4.0,1,146,2.0,50000000,1,1,1,15459.0
2070.0,3,3.0,1,109,2.0,37500000,1,0,1,15459.0
3500.0,3,3.0,2,176,1.0,45000000,1,1,1,15459.0
2800.0,6,4.0,1,335,2.0,29500000,1,1,0,15459.0
1400.0,3,3.0,1,218,2.0,50000000,1,0,1,23529.0
2700.0,4,4.0,1,219,2.0,52500000,1,0,1,23529.0
4500.0,4,4.0,1,218,2.0,55000000,1,1,1,23529.0
2200.0,4,4.0,1,145,2.0,47500000,1,0,1,11291.5
2200.0,4,4.0,1,145,2.0,47500000,1,0,1,20000.0
2200.0,4,4.0,1,145,1.0,40000000,1,0,1,20000.0
1440.0,3,3.0,1,145,3.0,26000000,1,0,1,20000.0
3150.0,4,4.0,1,145,3.0,35000000,1,1,1,11111.0
900.0,2,2.0,1,145,3.0,20000000,1,1,1,11111.0
1200.0,3,2.0,1,145,3.0,17000000,1,1,1,21409.0
4500.0,4,4.0,1,145,2.0,47500000,1,1,1,95000.0
2799.0,4,4.0,1,145,2.0,43000000,1,0,1,15363.0
1350.0,3,3.0,2,145,1.0,26000000,1,0,1,19259.0
1200.0,3,3.0,2,145,1.0,25000000,1,0,1,20833.0
2177.0,4,5.0,1,145,2.0,51000000,1,0,1,20833.0
1500.0,3,3.0,1,145,2.0,40000000,1,0,1,20833.0
1600.0,3,3.0,2,145,1.0,22500000,1,1,1,20833.0
2150.0,4,4.0,2,145,2.0,45000000,1,0,1,20930.0
2107.0,4,4.0,1,145,2.0,51100000,1,0,0,20930.0
1150.0,3,3.0,1,145,1.0,25500000,1,0,1,20930.0
1240.0,3,3.0,2,145,2.0,26500000,1,0,1,20930.0
1000.0,2,2.0,2,145,1.0,15000000,1,1,1,20930.0
4500.0,4,4.0,1,145,2.0,55000000,1,1,1,20930.0
1150.0,3,3.0,1,145,2.0,26000000,1,0,1,20930.0
2000.0,4,4.0,1,145,2.0,38000000,1,1,1,20930.0
700.0,2,2.0,2,268,1.0,4600000,1,0,1,11291.5
750.0,2,2.0,1,143,1.0,9200000,1,1,1,11291.5
1350.0,4,3.0,2,130,2.0,9500000,1,1,0,11291.5
900.0,2,2.0,1,213,1.0,4500000,1,1,1,11291.5
970.0,3,2.0,1,23,1.0,6500000,1,1,1,11291.5
1000.0,3,2.0,0,286,1.0,5650000,1,1,1,11291.5
1425.0,3,3.0,1,213,1.0,9300000,1,1,1,6526.0
440.0,2,2.0,2,313,1.0,2700000,1,1,0,6526.0
1017.0,2,2.0,0,358,1.0,6500000,1,0,1,6526.0
650.0,2,2.0,1,84,1.0,5800000,1,1,0,6526.0
950.0,3,2.0,1,313,1.0,5500000,1,1,0,6526.0
810.0,3,2.0,1,360,1.0,6000000,1,1,1,6526.0
750.0,2,2.0,2,23,1.0,4500000,1,1,1,6526.0
990.0,2,2.0,1,313,2.0,4100000,1,1,1,6526.0
800.0,3,2.0,1,268,2.0,3800000,1,1,1,6526.0
675.0,2,1.0,2,313,1.0,3300000,1,1,0,6526.0
558.0,2,1.0,2,287,1.0,2900000,1,0,1,6526.0
445.0,2,1.0,2,267,1.0,2000000,1,1,1,6526.0
360.0,2,1.0,2,190,1.0,1550000,1,0,1,6526.0
1350.0,4,3.0,1,189,1.0,11300000,1,0,1,6526.0
850.0,3,2.0,1,121,1.0,4500000,1,1,1,6526.0
846.0,2,1.0,2,323,1.0,3300000,1,0,0,3901.0
1300.0,4,3.0,0,189,1.0,11500000,1,0,1,3901.0
900.0,3,2.0,1,267,1.0,6000000,0,0,1,3901.0
1050.0,3,2.0,1,130,1.0,9000000,1,1,0,3901.0
850.0,2,2.0,0,142,1.0,4500000,1,1,1,3901.0
1650.0,4,3.0,0,313,1.0,14000000,0,0,0,3901.0
1150.0,2,2.0,1,6,1.0,7300000,1,1,0,6347.0
495.1394,1,1.0,0,313,1.0,1900000,1,1,1,41304.0
1053.0,3,2.0,0,213,4.0,7000000,1,1,1,41304.0
810.0,3,2.0,1,360,1.0,6000000,1,1,1,11291.5
750.0,1,2.0,1,360,1.0,6400000,1,1,1,11291.5
540.0,2,1.0,0,360,1.0,2700000,1,0,0,5000.0
747.0,2,2.0,0,360,1.0,6500000,1,1,1,8701.0
720.0,2,1.0,2,360,1.0,4000000,1,1,1,5556.0
376.7365,1,1.0,1,360,1.0,3000000,1,0,0,85715.0
1125.0,2,2.0,2,360,1.0,5000000,1,1,1,4444.0
713.0,2,2.0,1,360,1.0,6000000,1,0,1,4444.0
360.0,1,1.0,2,360,1.0,2500000,1,1,1,6944.0
900.0,2,2.0,1,360,1.0,6500000,1,1,0,7222.0
713.0,3,1.0,2,360,1.0,8000000,1,1,0,11220.0
504.0,2,1.0,0,360,1.0,2700000,1,1,1,5357.0
70.0,1,2.0,2,360,1.0,4500000,1,1,0,5357.0
850.0,3,2.0,0,360,1.0,5700000,1,1,1,6706.0
2430.0,4,3.0,0,360,1.0,25000000,1,1,1,10288.0
2970.0,7,4.0,0,360,1.0,26500000,1,1,1,8923.0
2250.0,3,2.0,0,360,1.0,18500000,1,1,1,8222.0
1500.0,5,3.0,0,360,1.0,30000000,1,1,1,20000.0
1512.0,2,2.0,0,360,1.0,22000000,1,1,1,14550.0
400.0,2,2.0,0,362,1.0,9000000,1,1,1,14550.0
630.0,3,2.0,0,360,1.0,22500000,1,1,1,35714.0
324.0,6,3.0,0,360,1.0,8700000,1,1,1,35714.0
720.0,6,5.0,0,360,1.0,22000000,1,1,1,35714.0
675.0,4,2.0,0,360,2.0,18500000,1,1,1,35714.0
700.0,2,1.0,0,360,2.0,16000000,1,0,1,22857.0
675.0,4,3.0,0,360,2.0,16000000,1,1,1,22857.0
720.0,4,2.0,0,360,2.0,9000000,1,1,1,12500.0
850.0,2,2.0,0,142,1.0,4500000,1,1,1,12500.0
801.0,3,2.0,1,172,1.0,6000000,1,0,1,11291.5
450.0,1,2.0,2,172,1.0,2700000,1,1,1,11291.5
1000.0,3,2.0,2,172,1.0,6500000,1,1,0,11291.5
990.0,3,2.0,2,172,1.0,4000000,1,1,0,4040.0
420.0,2,1.0,1,172,1.0,2600000,1,0,1,4040.0
450.0,2,1.0,1,172,1.0,3500000,1,1,1,7778.0
1000.0,2,2.0,2,172,1.0,7500000,1,1,0,7778.0
900.0,3,2.0,1,172,1.0,7000000,1,1,1,7778.0
800.0,3,2.0,1,172,1.0,4500000,1,0,1,7778.0
720.0,3,3.0,1,172,2.0,5500000,1,1,1,7778.0
450.0,2,1.0,1,172,2.0,2700000,1,0,1,7778.0
675.0,2,2.0,0,172,2.0,2400000,1,1,1,32000.0
1700.0,4,3.0,2,172,2.0,11500000,1,0,1,32000.0
550.0,2,2.0,2,127,2.0,3600000,1,0,1,32000.0
387.0,1,2.0,2,127,2.0,1700000,1,0,1,32000.0
450.0,2,1.0,2,171,2.0,2500000,1,1,0,32000.0
900.0,4,2.0,0,172,1.0,6600000,1,1,1,32000.0
500.0,2,1.0,1,172,1.0,3700000,1,1,1,32000.0
441.0,2,1.0,2,159,1.0,3500000,1,1,0,32000.0
800.0,3,2.0,1,171,1.0,5400000,1,1,1,32000.0
450.0,2,2.0,1,174,1.0,2550000,1,0,1,5666.0
1000.0,3,3.0,0,173,1.0,12500000,1,1,1,5666.0
715.0,2,2.0,2,172,1.0,5600000,1,1,0,5666.0
600.0,2,2.0,2,172,1.0,7000000,1,1,1,11667.0
540.0,2,1.0,2,172,1.0,3500000,1,1,1,11667.0
312.0,4,4.0,0,27,1.0,35000000,1,1,0,112179.0
810.0,3,2.0,1,172,1.0,9000000,1,1,1,11111.0
270.0,1,1.0,1,127,1.0,2300000,1,1,1,11111.0
900.0,3,2.0,1,172,1.0,6000000,1,1,1,11111.0
1000.0,3,2.0,2,172,1.0,6000000,1,1,0,11111.0
540.0,2,2.0,1,342,1.0,2650000,1,0,1,11291.5
950.0,3,2.0,0,343,1.0,4370000,1,0,0,4600.0
1000.0,3,2.0,2,357,1.0,4620000,1,0,0,4620.0
540.0,2,2.0,1,5,1.0,3000000,1,0,0,5000.0
540.0,2,2.0,1,163,1.0,3300000,1,0,0,6111.0
1000.0,3,2.0,1,231,1.0,5510000,0,0,1,6111.0
500.0,2,2.0,1,102,1.0,3200000,1,0,1,6111.0
540.0,2,2.0,1,344,1.0,2600000,1,0,1,6111.0
780.0,3,2.0,1,342,1.0,4000000,1,0,1,6111.0
450.0,2,1.0,1,344,1.0,1850000,1,0,1,6111.0
360.0,1,1.0,1,342,1.0,1700000,1,0,1,6111.0
900.0,3,2.0,1,288,1.0,2800000,1,0,1,6111.0
495.0,2,2.0,1,344,1.0,2150000,1,0,1,6111.0
1200.0,4,3.0,1,288,1.0,6800000,1,0,1,6111.0
1000.0,3,2.0,1,342,1.0,6200000,1,0,1,6111.0
620.0,2,2.0,1,342,1.0,3100000,1,0,1,6111.0
680.0,3,2.0,1,102,1.0,3400000,1,0,1,6111.0
805.0,2,2.0,2,157,1.0,4000000,1,1,1,6111.0
729.0,2,2.0,1,200,1.0,4800000,1,1,1,6584.0
540.0,2,2.0,1,342,1.0,2500000,1,0,1,6584.0
360.0,1,1.0,1,342,1.0,2000000,1,0,1,6584.0
550.0,2,2.0,1,344,1.0,1900000,1,0,1,6584.0
1001.0,3,2.0,0,199,1.0,5800000,1,0,1,5794.0
450.0,2,2.0,2,102,1.0,2900000,1,1,1,5794.0
550.0,2,1.0,1,344,1.0,2000000,1,0,1,5794.0
550.0,2,2.0,1,345,1.0,2600000,1,0,1,5794.0
675.0,2,1.0,2,342,1.0,2900000,1,1,1,5794.0
585.0,2,2.0,2,342,1.0,3200000,1,1,1,5794.0
810.0,3,2.0,1,224,1.0,5400000,1,1,1,5794.0
765.0,3,2.0,1,102,1.0,3800000,1,1,1,5794.0
70.0,2,3.0,0,240,1.0,8200000,1,0,1,23840.0
800.0,3,2.0,2,241,1.0,8000000,1,1,1,23840.0
900.0,3,2.0,1,241,1.0,9500000,1,1,1,23840.0
1680.0,4,5.0,1,241,1.0,20000000,1,1,1,23840.0
900.0,2,2.0,0,241,3.0,7400000,1,1,1,23840.0
2000.0,3,3.0,1,239,1.0,37500000,1,1,0,23840.0
2000.0,4,4.0,1,241,3.0,15000000,1,1,1,7500.0
1900.0,3,3.0,1,341,1.0,55300000,0,0,0,7500.0
1530.0,3,3.0,1,239,2.0,26500000,1,1,1,7500.0
100.0,3,2.0,1,239,2.0,16000000,1,1,0,160000.0
900.0,3,2.0,0,241,2.0,10400000,1,1,1,11556.0
270.0,1,1.0,2,241,2.0,1700000,1,1,1,11556.0
950.0,2,2.0,1,241,2.0,8000000,1,1,1,8421.0
1800.0,3,3.0,1,239,2.0,27000000,1,1,1,8421.0
1500.0,3,3.0,1,241,2.0,19500000,1,1,1,8421.0
1800.0,3,3.0,0,239,3.0,50000000,1,1,0,27778.0
1800.0,3,3.0,2,241,3.0,21100000,1,1,1,11722.0
850.0,2,3.0,1,241,1.0,5900000,1,1,1,24718.0
140.0,3,2.0,2,260,1.0,12000000,1,0,1,85714.0
900.0,3,2.0,2,241,1.0,12000000,1,1,1,13333.0
1800.0,3,3.0,2,241,1.0,24000000,1,1,0,13333.0
200.0,1,1.0,1,239,1.0,7000000,1,1,0,13333.0
1782.0,3,3.0,1,239,1.0,15000000,1,1,0,8418.0
900.0,2,2.0,0,24,1.0,1500000,1,1,1,1667.0
405.0,2,1.0,1,241,1.0,3950000,1,1,0,1667.0
1500.0,3,3.0,2,241,1.0,12500000,1,1,1,8333.0
66.0,3,1.0,2,24,1.0,1600000,1,0,0,24242.0
2000.0,4,4.0,2,65,2.0,36500000,1,1,0,11291.5
1200.0,3,2.0,1,68,1.0,20000000,1,1,0,11291.5
1100.0,2,2.0,1,346,1.0,15000000,1,1,0,11291.5
1400.0,3,2.0,1,346,2.0,25000000,1,0,0,11291.5
1600.0,3,2.0,1,64,2.0,18500000,1,1,0,11291.5
1600.0,4,3.0,2,56,2.0,23500000,1,1,0,11291.5
600.0,1,1.0,1,346,1.0,8000000,1,0,0,11291.5
1600.0,3,2.0,2,304,1.0,23000000,1,1,0,11291.5
2000.0,3,3.0,2,64,1.0,31000000,1,1,0,15500.0
650.0,1,2.0,1,63,1.0,7400000,1,1,0,15500.0
1100.0,2,2.0,2,346,1.0,15500000,1,1,0,15500.0
1075.0,2,2.0,1,63,2.0,12000000,1,0,0,15500.0
1450.0,3,2.0,1,67,2.0,23500000,1,1,0,15500.0
1200.0,3,2.0,1,347,2.0,25000000,1,1,0,20833.0
600.0,1,2.0,2,106,2.0,7000000,1,0,0,20833.0
1000.0,2,2.0,2,64,1.0,17500000,1,1,0,20833.0
1600.0,3,2.0,1,111,1.0,25000000,1,1,0,20833.0
1750.0,4,4.0,2,349,1.0,29000000,1,0,0,20833.0
1300.0,3,3.0,1,63,1.0,21900000,1,1,0,20833.0
550.0,1,2.0,0,350,1.0,7500000,1,1,0,20833.0
2200.0,4,3.0,1,66,2.0,23500000,1,1,0,10681.0
1100.0,2,2.0,1,349,2.0,24000000,1,1,0,21818.0
1700.0,3,2.0,1,346,2.0,31000000,1,1,1,21818.0
1100.0,2,2.0,1,346,3.0,16500000,1,1,0,21818.0
1000.0,2,2.0,0,158,1.0,5000000,1,1,1,21818.0
1350.0,3,2.0,0,79,1.0,24000000,1,0,0,21818.0
1184.0,2,2.0,1,111,1.0,17000000,1,1,0,14358.0
2000.0,4,2.0,0,348,1.0,40000000,1,0,0,14358.0
3500.0,4,4.0,1,346,5.0,22500000,1,0,1,14358.0
900.0,3,3.0,0,346,2.0,20000000,1,1,1,14358.0
750.0,2,2.0,1,138,1.0,5000000,1,0,0,6667.0
950.0,3,2.0,0,343,1.0,4370000,1,0,0,4600.0
1000.0,3,2.0,2,357,1.0,4620000,1,0,0,4620.0
850.0,2,1.0,1,326,1.0,1900000,1,0,0,2235.0
1350.0,3,2.0,2,175,1.0,5130000,1,0,0,3800.0
540.0,2,2.0,1,5,1.0,3000000,1,0,0,5000.0
1387.0,4,4.0,2,92,1.0,5890000,1,0,0,4247.0
540.0,2,2.0,1,163,1.0,3300000,1,0,0,6111.0
976.0,2,2.0,0,118,1.0,24900000,1,0,0,25512.0
1050.0,3,2.0,2,340,1.0,3700000,1,0,0,3524.0
1500.0,3,2.0,2,162,1.0,17400000,1,1,0,22222.0
2900.0,5,5.0,0,141,1.0,51000000,0,0,1,22222.0
1000.0,3,2.0,1,231,1.0,5510000,0,0,1,22222.0
1135.0,3,3.0,0,339,2.0,25000000,0,1,0,22222.0
850.0,2,2.0,1,97,1.0,2940000,0,0,0,24718.0
1200.0,3,3.0,1,19,1.0,15500000,1,1,0,24718.0
1700.0,3,2.0,1,334,1.0,17200000,1,1,0,24718.0
1800.0,4,3.0,1,351,2.0,55000000,1,1,1,30556.0
1100.0,2,2.0,1,346,1.0,15000000,1,1,0,30556.0
22050.0,4,4.0,1,123,2.0,51000000,0,0,1,30556.0
1550.0,4,3.0,1,280,1.0,13000000,1,0,1,30556.0
1600.0,3,3.0,1,123,1.0,30000000,1,0,1,18750.0
700.0,2,2.0,1,155,1.0,2400000,1,0,1,18750.0
45.0,4,3.0,2,29,1.0,5500000,1,0,1,18750.0
1250.0,2,1.0,1,54,1.0,7500000,1,1,0,4444.0
504.0,3,1.0,1,312,1.0,3600000,1,1,0,7143.0
65.0,3,2.0,1,315,1.0,35000000,1,0,0,7143.0
450.0,2,1.0,2,312,1.0,6000000,1,1,0,13333.0
1800.0,4,2.0,0,266,1.0,17500000,1,1,1,9722.0
1800.0,4,3.0,0,151,1.0,35000000,1,1,1,19444.0
1530.0,5,2.0,0,264,1.0,10200000,1,1,1,6667.0
1750.0,4,4.0,2,349,1.0,29000000,1,0,0,6667.0
2210.0,4,3.0,1,329,1.0,41000000,1,1,1,6667.0
760.0,3,2.0,0,113,1.0,6000000,1,1,1,6667.0
400.0,2,1.0,0,160,1.0,2500000,1,0,0,6667.0
380.0,1,1.0,2,113,1.0,2200000,1,1,1,6667.0
904.1676,2,2.0,0,336,1.0,21500000,1,0,0,6667.0
900.0,4,1.0,0,317,1.0,15000000,1,1,0,6667.0
810.0,5,6.0,0,113,1.0,28900000,1,1,0,6667.0
100.0,3,2.0,2,113,1.0,5500000,1,1,1,6667.0
50.0,2,1.0,1,317,1.0,1950000,1,0,0,6667.0
58.0,2,1.0,2,113,1.0,3800000,1,1,0,6667.0
900.0,2,1.0,1,328,1.0,6200000,1,0,1,6667.0
1650.0,4,3.0,0,313,1.0,14000000,0,0,0,6667.0
1000.0,2,2.0,2,172,1.0,7500000,1,1,0,6667.0
852.0,2,2.0,2,314,1.0,2670000,1,1,0,6667.0
700.0,2,2.0,1,313,1.0,2500000,1,1,0,6667.0
990.0,3,2.0,2,172,1.0,4000000,1,1,0,4040.0
450.0,2,1.0,1,172,1.0,3500000,1,1,1,7778.0
1000.0,2,2.0,2,172,1.0,5000000,1,0,0,5000.0
1700.0,4,3.0,1,298,2.0,29500000,1,1,1,21071.0
1350.0,3,2.0,2,11,1.0,19000000,1,1,1,14074.0
2100.0,4,3.0,0,298,1.0,25500000,1,1,0,14074.0
1450.0,3,3.0,1,263,1.0,34000000,0,0,1,28846.0
2050.0,4,4.0,1,298,1.0,47500000,1,0,1,28846.0
1800.0,3,3.0,1,299,2.0,23000000,1,1,0,28846.0
900.0,3,2.0,1,246,1.0,24000000,1,1,0,28846.0
1500.0,3,2.0,1,263,2.0,21500000,1,1,0,28846.0
1500.0,3,2.0,1,298,1.0,28500000,1,0,1,28846.0
1800.0,4,4.0,1,251,1.0,12500000,1,1,1,6944.0
1674.0,3,3.0,2,298,1.0,45000000,1,1,1,6944.0
2025.0,4,3.0,0,298,2.0,30500000,1,1,1,6944.0
1300.0,3,3.0,1,298,3.0,22500000,1,1,1,6944.0
990.0,3,3.0,0,246,1.0,28000000,1,1,0,6944.0
2100.0,3,4.0,1,298,2.0,25000000,1,1,1,14705.0
2250.0,4,4.0,1,298,2.0,33700000,1,1,1,14705.0
1500.0,3,3.0,1,298,1.0,27000000,1,1,1,18000.0
2700.0,4,4.0,1,298,2.0,43500000,1,0,1,18000.0
1700.0,3,3.0,1,263,2.0,29000000,1,0,1,18000.0
1700.0,3,3.0,1,298,2.0,30000000,1,1,1,17647.0
2050.0,4,4.0,1,298,2.0,52100000,1,0,0,17647.0
1800.0,3,3.0,2,298,1.0,32500000,1,0,1,18055.0
1500.0,3,2.0,1,298,1.0,20500000,1,1,0,18055.0
2000.0,4,3.0,1,298,1.0,25000000,1,1,0,12500.0
1500.0,3,3.0,1,298,2.0,30000000,1,1,1,12500.0
24300.0,4,5.0,1,298,2.0,51000000,1,1,1,12500.0
2475.0,4,4.0,1,298,1.0,31000000,1,1,1,12500.0
1800.0,3,3.0,1,291,1.0,37500000,1,0,1,11291.5
1300.0,3,3.0,1,16,1.0,32500000,1,0,1,11291.5
1500.0,3,3.0,1,291,4.0,37500000,1,0,1,25000.0
2100.0,4,4.0,1,291,3.0,55000000,1,0,1,25000.0
1100.0,2,2.0,2,291,1.0,16300000,1,1,0,14818.0
1100.0,3,3.0,2,292,1.0,25000000,1,1,1,14818.0
1550.0,3,3.0,1,291,1.0,38000000,1,0,1,14818.0
700.0,2,2.0,2,291,1.0,15000000,1,1,1,14818.0
150.0,2,1.0,1,16,1.0,2000000,1,1,0,14818.0
540.0,1,1.0,2,16,1.0,3000000,1,1,1,14818.0
810.0,2,2.0,1,161,1.0,8500000,1,1,1,14818.0
3250.0,4,4.0,1,295,1.0,55000000,1,1,1,14818.0
1600.0,3,3.0,1,291,2.0,22500000,1,1,1,14818.0
900.0,3,3.0,1,161,1.0,12500000,1,0,1,14818.0
972.0,2,2.0,1,291,1.0,17000000,1,1,0,14818.0
2250.0,4,5.0,1,291,2.0,55000000,1,0,1,14818.0
1650.0,3,3.0,1,291,1.0,35000000,1,0,1,14818.0
2610.0,4,4.0,1,294,2.0,42500000,1,1,1,14818.0
600.0,2,2.0,1,16,1.0,4700000,1,1,1,14818.0
1700.0,4,5.0,2,291,2.0,52500000,1,1,1,14818.0
880.0,3,2.0,2,16,1.0,11000000,1,1,1,14818.0
1450.0,3,3.0,1,293,1.0,37500000,1,1,1,14818.0
2200.0,4,4.0,1,296,3.0,52500000,1,0,1,23863.0
1620.0,3,3.0,1,269,1.0,26000000,1,0,1,11291.5
1078.0,3,2.0,2,232,1.0,15500000,1,0,1,11291.5
1710.0,3,3.0,2,261,1.0,22000000,1,1,1,11291.5
1150.0,3,3.0,1,234,1.0,21000000,1,1,1,11291.5
450.0,2,2.0,1,238,1.0,5000000,1,1,1,11291.5
1818.0,3,3.0,2,232,1.0,22000000,1,1,1,11291.5
1800.0,3,2.0,2,235,1.0,26500000,1,1,1,14722.0
780.0,2,2.0,2,236,1.0,8770000,1,1,1,14722.0
405.0,1,1.0,1,76,1.0,4500000,1,1,0,14722.0
900.0,2,3.0,1,232,1.0,8500000,1,1,0,14722.0
807.2925,2,2.0,2,15,1.0,8600000,1,1,0,14722.0
2700.0,4,3.0,1,128,1.0,42500000,1,1,1,14722.0
1100.0,3,2.0,1,232,2.0,13100000,1,1,0,14722.0
585.0,2,2.0,2,238,2.0,7000000,1,1,0,14722.0
2152.78,3,3.0,0,198,2.0,30000000,1,0,1,14722.0
960.0,2,2.0,1,212,2.0,13000000,1,1,0,14722.0
1800.0,4,3.0,2,233,2.0,23100000,1,1,1,14722.0
1100.0,3,2.0,1,232,1.0,16000000,1,1,0,14722.0
900.0,2,2.0,2,232,1.0,12500000,1,1,1,13889.0
1620.0,3,3.0,0,164,1.0,24500000,1,0,1,13889.0
378.0,1,1.0,2,238,1.0,3200000,1,1,0,13889.0
800.0,3,2.0,2,75,1.0,6300000,1,1,0,7875.0
1350.0,3,3.0,1,261,1.0,15000000,1,1,1,11111.0
850.0,3,3.0,2,237,1.0,5700000,1,1,0,11111.0
1580.0,3,2.0,0,325,1.0,21000000,1,1,0,11111.0
820.0,2,3.0,2,232,1.0,7500000,1,1,0,11111.0
594.0,2,1.0,1,20,1.0,6500000,1,1,0,10943.0
14220.0,3,3.0,1,235,1.0,27500000,1,0,1,10943.0
800.0,3,2.0,2,128,1.0,12000000,1,1,1,10943.0
1500.0,3,2.0,1,333,2.0,18000000,1,1,0,10943.0
1600.0,3,3.0,1,18,1.0,15600000,1,1,0,11291.5
1650.0,3,3.0,1,265,1.0,15500000,1,1,0,11291.5
1600.0,3,3.0,1,265,1.0,15200000,1,1,0,11291.5
1900.0,3,3.0,0,120,1.0,25000000,1,1,0,11291.5
1400.0,3,2.0,0,39,1.0,15000000,1,1,0,11291.5
1550.0,3,2.0,1,26,1.0,15800000,1,1,0,11291.5
2000.0,4,3.0,0,201,1.0,31500000,1,1,0,11291.5
1500.0,3,3.0,1,25,1.0,14000000,1,1,0,11291.5
1550.0,3,2.0,1,1,1.0,13200000,1,1,0,11291.5
1600.0,3,2.0,1,25,1.0,15800000,1,1,0,11291.5
1600.0,3,3.0,2,297,1.0,16200000,1,1,0,11291.5
1800.0,3,2.0,1,262,1.0,15500000,1,1,0,11291.5
1470.0,3,2.0,1,1,1.0,14500000,1,1,0,11291.5
1500.0,3,2.0,1,1,1.0,14900000,1,1,0,11291.5
1750.0,3,3.0,0,126,1.0,17200000,1,1,0,11291.5
1650.0,3,3.0,0,135,1.0,18000000,1,1,0,11291.5
1850.0,3,2.0,1,1,1.0,15500000,1,1,0,11291.5
1480.0,3,2.0,0,25,1.0,15800000,1,1,0,11291.5
1214.0,2,2.0,0,91,1.0,12600000,1,1,0,11291.5
1380.0,3,2.0,1,1,1.0,15000000,1,1,0,11291.5
1600.0,4,2.0,0,301,1.0,19500000,1,1,0,11291.5
1585.0,3,3.0,1,309,1.0,16600000,1,1,0,11291.5
1700.0,3,3.0,1,1,1.0,17200000,1,1,0,11291.5
1200.0,2,2.0,1,229,1.0,13000000,1,1,0,11291.5
1800.0,4,3.0,1,214,1.0,16500000,1,1,0,11291.5
1000.0,2,2.0,1,144,1.0,10700000,1,1,0,10700.0
1500.0,3,2.0,0,221,1.0,16200000,1,1,0,10700.0
1700.0,3,2.0,0,126,1.0,16500000,1,1,0,10700.0
1750.0,3,2.0,0,227,1.0,14900000,1,1,0,10700.0
2700.0,4,3.0,0,289,1.0,27500000,1,1,0,10700.0
1500.0,3,3.0,1,51,3.0,35500000,1,1,0,20558.0
2105.0,3,3.0,2,50,3.0,42100000,1,1,0,20558.0
2500.0,4,5.0,1,247,3.0,42500000,1,1,0,17000.0
2090.0,3,4.0,1,50,2.0,44000000,1,1,0,21052.0
2525.0,4,5.0,1,248,3.0,43200000,1,1,0,21052.0
2500.0,4,4.0,1,248,2.0,52500000,1,1,0,21000.0
2100.0,3,4.0,0,50,2.0,34300000,1,1,0,16333.0
2022.0,3,3.0,1,247,2.0,38000000,1,1,0,18793.0
2650.0,4,5.0,0,51,2.0,52500000,1,1,0,19811.0
1850.0,3,3.0,2,50,2.0,37500000,1,1,0,20270.0
2100.0,3,3.0,1,50,2.0,37000000,1,1,0,17619.0
1700.0,3,4.0,1,51,2.0,40000000,1,1,0,17619.0
2105.0,3,3.0,1,50,2.0,36200000,1,1,0,17197.0
1250.0,2,3.0,1,50,1.0,29000000,1,1,0,17197.0
2552.0,4,5.0,0,248,3.0,42500000,1,0,0,16654.0
2125.0,3,3.0,1,248,2.0,36500000,1,1,0,17176.0
2065.0,3,4.0,1,50,2.0,42500000,1,1,0,20581.0
1455.0,2,2.0,1,51,2.0,27500000,1,1,0,18900.0
1400.0,2,3.0,2,50,3.0,28600000,1,1,0,20967.0
2126.0,3,3.0,1,50,2.0,39000000,1,1,0,18344.0
1815.0,3,3.0,1,51,2.0,32500000,1,1,0,17906.0
1700.0,3,3.0,2,248,2.0,34000000,1,1,0,17906.0
700.0,2,2.0,2,7,1.0,16500000,1,1,0,11291.5
980.0,2,2.0,1,321,2.0,13800000,1,1,0,11291.5
1350.0,3,3.0,1,209,2.0,21000000,1,1,0,11291.5
1800.0,3,3.0,1,112,2.0,22500000,1,1,0,11291.5
968.751,2,2.0,1,13,2.0,15000000,1,1,0,11291.5
1250.0,3,3.0,1,209,2.0,20000000,1,0,0,11291.5
1800.0,3,3.0,0,13,2.0,20000000,1,0,0,11291.5
1400.0,3,2.0,1,321,2.0,26000000,1,1,1,11291.5
1000.0,3,3.0,1,209,2.0,19500000,1,1,0,11291.5
1800.0,4,2.0,1,337,1.0,21500000,1,1,0,11291.5
1500.0,3,3.0,2,7,1.0,26500000,1,0,0,11291.5
1600.0,3,3.0,1,209,2.0,20000000,1,1,0,12500.0
1400.0,3,3.0,0,210,1.0,18000000,1,1,0,12500.0
1400.0,3,2.0,2,7,1.0,19000000,1,1,0,12500.0
2700.0,4,4.0,2,125,2.0,36500000,1,1,1,12500.0
1100.0,2,2.0,2,7,2.0,15000000,1,1,0,12500.0
1200.0,2,2.0,1,7,2.0,17500000,1,1,0,12500.0
1400.0,2,2.0,1,7,2.0,14000000,1,1,0,12500.0
1500.0,3,3.0,1,249,2.0,21000000,1,1,0,12500.0
1320.0,3,2.0,2,7,2.0,15600000,1,1,0,12500.0
1300.0,3,3.0,2,250,2.0,19000000,1,1,0,12500.0
1150.0,2,2.0,2,209,1.0,16500000,1,1,0,12500.0
1440.0,3,3.0,2,7,1.0,19000000,1,1,0,12500.0
1400.0,2,2.0,2,225,1.0,16500000,1,1,0,12500.0
450.0,1,1.0,1,7,1.0,3000000,1,1,1,12500.0
1300.0,2,2.0,1,359,1.0,15000000,1,1,0,11538.0
1200.0,2,2.0,2,225,1.0,14300000,1,1,0,11538.0
1300.0,3,2.0,2,225,1.0,18500000,1,1,0,11538.0
1400.0,3,3.0,0,338,1.0,19000000,1,1,0,11538.0
1400.0,3,3.0,1,7,1.0,19000000,1,1,0,11538.0
1600.0,4,2.0,1,70,2.0,15800000,1,1,0,11291.5
1200.0,10,4.0,1,61,2.0,17000000,1,1,0,11291.5
1600.0,4,2.0,1,71,1.0,15500000,1,1,0,11291.5
1250.0,3,2.0,1,61,2.0,16000000,1,1,0,11291.5
950.0,2,2.0,0,61,2.0,12900000,1,1,0,11291.5
1200.0,3,3.0,0,61,2.0,13500000,1,1,0,11291.5
1400.0,4,2.0,0,61,2.0,17800000,1,1,0,11291.5
950.0,2,2.0,0,61,2.0,13200000,1,1,0,11291.5
1350.0,3,3.0,1,61,2.0,14000000,1,1,0,11291.5
1550.0,4,2.0,0,61,2.0,17500000,1,1,0,11291.5
1300.0,3,2.0,1,61,2.0,17000000,1,1,0,11291.5
1000.0,2,2.0,0,60,2.0,13000000,1,1,0,11291.5
1500.0,3,3.0,0,60,2.0,17000000,1,1,0,11291.5
950.0,2,2.0,0,61,2.0,12700000,1,1,0,11291.5
1200.0,3,2.0,0,61,2.0,13500000,1,1,0,11291.5
1400.0,4,2.0,0,61,2.0,17400000,1,1,0,11291.5
1500.0,4,2.0,0,61,2.0,17800000,1,1,0,11291.5
1050.0,2,2.0,0,61,2.0,12700000,1,1,0,11291.5
1550.0,4,2.0,0,61,2.0,16200000,1,1,0,11291.5
950.0,2,2.0,0,61,2.0,11100000,1,1,0,11291.5
1150.0,2,2.0,0,61,2.0,13600000,1,1,0,11291.5
1150.0,2,2.0,0,60,2.0,13100000,1,1,0,11291.5
1150.0,2,2.0,0,61,2.0,12500000,1,1,0,11291.5
1500.0,3,2.0,0,61,2.0,13600000,1,1,0,11291.5
1800.0,4,4.0,0,327,2.0,12000000,1,0,0,6667.0
1300.0,3,3.0,0,327,1.0,20000000,1,0,0,15384.0
1150.0,2,2.0,2,305,1.0,13500000,1,1,0,15384.0
1500.0,3,2.0,2,306,1.0,14000000,1,1,0,15384.0
1150.0,2,2.0,1,69,2.0,10800000,1,1,0,15384.0
900.0,3,2.0,1,222,1.0,9000000,1,0,1,11291.5
1150.0,3,2.0,1,222,1.0,6300000,1,1,1,11291.5
1000.0,3,3.0,1,331,1.0,5500000,1,0,0,11291.5
450.0,1,1.0,1,222,1.0,2350000,1,1,0,5222.0
1350.0,3,3.0,1,330,1.0,8500000,1,1,0,5222.0
445.0,1,2.0,1,331,1.0,1650000,1,1,0,5222.0
1200.0,2,2.0,1,188,1.0,10000000,1,1,0,8333.0
50.0,1,1.0,2,136,1.0,1500000,1,1,1,8333.0
1100.0,2,2.0,1,332,1.0,2800000,1,1,1,8333.0
700.0,2,2.0,1,331,1.0,2600000,1,1,1,3714.0
500.0,1,1.0,0,222,1.0,2350000,1,1,1,3714.0
540.0,1,1.0,2,331,1.0,2350000,1,1,0,3714.0
450.0,1,1.0,2,330,1.0,2000000,1,0,1,3714.0
800.0,2,2.0,1,330,1.0,5000000,0,1,1,3714.0
700.0,2,2.0,1,222,1.0,3500000,1,1,1,3714.0
750.0,2,2.0,1,330,1.0,4500000,0,1,1,3714.0
750.0,2,2.0,2,330,1.0,4000000,1,1,1,3714.0
1600.0,3,3.0,2,222,1.0,10800000,1,1,1,3714.0
1000.0,3,2.0,2,222,1.0,10000000,1,0,1,3714.0
1600.0,3,3.0,2,222,1.0,10800000,1,1,1,3714.0
900.0,3,2.0,1,188,1.0,9000000,1,1,1,3714.0
1700.0,3,3.0,1,222,1.0,8500000,1,0,0,3714.0
1100.0,3,2.0,1,222,1.0,6000000,1,1,1,3714.0
1000.0,3,3.0,1,222,1.0,5500000,1,0,0,3714.0
1000.0,3,2.0,1,188,1.0,7000000,1,0,1,7000.0
1100.0,3,2.0,0,330,1.0,6000000,1,1,0,5455.0
765.0,3,2.0,2,188,1.0,3700000,1,1,1,4837.0
900.0,2,2.0,1,136,1.0,3100000,1,1,1,3444.0
600.0,2,2.0,2,330,1.0,4500000,1,1,0,3444.0
360.0,1,1.0,1,136,1.0,1500000,1,1,1,4167.0
950.0,3,2.0,1,41,1.0,7090000,0,0,1,11291.5
3600.0,2,2.0,1,43,1.0,4500000,1,0,1,11291.5
1305.0,4,3.0,2,139,1.0,5500000,0,0,1,11291.5
950.0,3,2.0,1,41,2.0,6990000,0,0,1,11291.5
800.0,2,2.0,1,41,1.0,4400000,1,0,0,11291.5
1800.0,4,4.0,1,42,1.0,12500000,1,1,1,11291.5
800.0,2,2.0,1,41,1.0,3000000,1,0,1,11291.5
675.0,2,2.0,1,41,1.0,2800000,1,0,1,11291.5
1175.0,3,3.0,2,139,4.0,5000000,0,0,1,11291.5
1500.0,3,3.0,2,41,4.0,6000000,1,1,1,11291.5
810.0,2,2.0,2,41,4.0,4500000,1,1,0,11291.5
630.0,2,2.0,2,42,1.0,2800000,1,1,0,11291.5
650.0,2,2.0,1,41,1.0,2500000,1,1,1,11291.5
1800.0,4,4.0,1,42,1.0,8500000,1,0,1,11291.5
725.0,2,2.0,0,41,1.0,3000000,1,1,0,4138.0
900.0,3,2.0,1,41,1.0,4900000,1,0,1,4138.0
750.0,2,2.0,2,41,1.0,3500000,1,0,1,4138.0
700.0,2,2.0,1,42,1.0,3000000,1,0,1,4138.0
950.0,3,2.0,1,41,1.0,7020000,0,0,1,4138.0
900.0,2,2.0,1,41,1.0,3500000,1,0,1,4138.0
1500.0,3,3.0,1,41,1.0,7000000,1,0,1,4138.0
500.0,2,1.0,1,42,2.0,7000000,1,1,0,4138.0
1035.0,3,3.0,1,42,1.0,4500000,1,0,1,4138.0
825.0,3,2.0,1,14,1.0,5990000,1,0,1,4138.0
1300.0,3,3.0,1,41,1.0,4400000,1,0,1,4138.0
765.0,2,2.0,2,41,4.0,2500000,1,0,1,4138.0
580.0,1,1.0,1,42,1.0,1600000,1,0,1,4138.0
1750.0,3,3.0,1,42,1.0,6500000,1,0,1,4138.0
650.0,2,2.0,1,194,1.0,2750000,1,1,0,11291.5
405.0,1,1.0,1,194,1.0,1500000,1,0,0,11291.5
675.0,2,1.0,2,194,1.0,2200000,1,1,1,3259.0
850.0,2,2.0,1,194,1.0,2800000,1,1,0,3294.0
800.0,3,3.0,1,194,1.0,4500000,1,1,0,3294.0
405.0,1,1.0,0,194,1.0,1800000,1,1,0,3294.0
1350.0,3,3.0,2,194,1.0,8500000,1,0,1,3294.0
1350.0,3,3.0,2,194,1.0,8500000,1,0,0,3294.0
450.0,1,1.0,2,194,1.0,1700000,1,0,1,3294.0
1300.0,3,3.0,1,196,2.0,7000000,1,0,1,3294.0
1050.0,3,2.0,2,194,2.0,5600000,1,0,1,3294.0
1675.0,4,3.0,0,194,2.0,13500000,1,1,1,8060.0
1250.0,3,3.0,2,194,2.0,8500000,0,0,1,8060.0
1080.0,3,3.0,2,194,5.0,6000000,1,0,0,8060.0
1170.0,3,3.0,2,9,5.0,7200000,0,0,1,8060.0
1250.0,3,2.0,1,195,1.0,6500000,1,1,0,8060.0
1500.0,3,3.0,1,9,1.0,8400000,1,0,0,8060.0
1350.0,3,3.0,2,194,1.0,8500000,1,0,0,8060.0
855.0,2,2.0,1,194,1.0,4000000,1,1,1,4678.0
540.0,1,1.0,2,194,1.0,1700000,1,1,1,3148.0
1044.0983,3,2.0,2,194,1.0,6000000,1,1,1,3148.0
405.0,1,1.0,1,194,1.0,1600000,1,1,0,3148.0
500.0,1,2.0,1,194,1.0,2100000,1,1,0,4200.0
450.0,1,1.0,0,194,1.0,1700000,1,1,0,3778.0
405.0,1,1.0,2,9,1.0,1500000,1,1,0,3778.0
405.0,1,1.0,2,194,1.0,1200000,1,1,1,2963.0
450.0,1,1.0,2,33,1.0,1650000,1,1,0,3667.0
173.0,2,2.0,2,194,1.0,3500000,1,1,1,3667.0
1100.0,3,2.0,2,194,1.0,8500000,1,1,1,7727.0
600.0,2,2.0,2,194,1.0,3200000,1,1,1,5333.0
800.0,3,2.0,1,177,1.0,4400000,1,0,1,11291.5
990.0,4,3.0,2,178,1.0,7200000,0,0,1,11291.5
1100.0,3,2.0,1,178,1.0,7500000,1,0,1,11291.5
1100.0,3,2.0,2,177,1.0,6500000,1,0,0,11291.5
527.0,2,2.0,1,178,1.0,3500000,1,1,1,11291.5
1000.0,2,2.0,1,179,1.0,6500000,1,1,1,11291.5
1000.0,3,2.0,1,178,1.0,6200000,1,1,1,11291.5
450.0,1,1.0,1,178,1.0,2500000,1,0,1,11291.5
600.0,2,2.0,1,177,1.0,3000000,1,0,0,11291.5
950.0,3,2.0,0,178,1.0,6000000,1,0,1,11291.5
855.0,3,2.0,2,178,1.0,4800000,1,1,0,11291.5
770.0,2,2.0,1,177,1.0,3790000,1,0,1,4922.0
810.0,3,2.0,1,177,1.0,4200000,1,0,0,4922.0
710.0,2,2.0,2,177,1.0,2900000,1,1,0,4922.0
950.0,3,2.0,2,178,1.0,5000000,1,1,1,4922.0
450.0,1,1.0,1,178,1.0,2100000,1,0,1,4922.0
500.0,2,2.0,1,178,1.0,3200000,1,1,0,4922.0
600.0,2,1.0,1,178,1.0,3000000,1,1,0,4922.0
420.0,1,1.0,2,178,1.0,2300000,1,1,1,4922.0
900.0,3,2.0,1,178,1.0,5900000,0,0,1,6556.0
945.0,3,2.0,1,178,1.0,5500000,1,1,0,5820.0
565.0,2,2.0,2,181,1.0,3500000,1,1,1,5820.0
450.0,2,1.0,1,180,1.0,1700000,1,1,0,3778.0
430.0,1,1.0,2,177,1.0,1850000,1,0,1,3778.0
550.0,2,2.0,2,177,1.0,2300000,1,1,1,3778.0
810.0,3,2.0,0,177,1.0,3800000,1,1,1,42222.0
720.0,3,2.0,1,178,1.0,4500000,1,1,1,42222.0
360.0,2,1.0,1,353,1.0,2200000,1,0,0,42222.0
820.0,3,2.0,1,177,1.0,5200000,1,1,1,42222.0
459.0,2,2.0,1,180,1.0,2200000,1,1,1,43137.0
378.0,1,2.0,2,206,2.0,1500000,1,1,0,11291.5
450.0,1,1.0,0,58,2.0,2200000,1,1,0,4889.0
900.0,2,2.0,1,55,2.0,3800000,1,1,0,4222.0
360.0,1,1.0,2,72,1.0,1800000,1,1,0,5000.0
559.7228,2,2.0,0,204,3.0,2850000,1,1,0,5092.0
350.0,1,1.0,2,204,3.0,2500000,1,1,0,7143.0
365.0,1,1.0,2,204,39.0,3500000,1,1,0,7143.0
390.0,1,1.0,2,74,39.0,2000000,1,1,0,5128.0
350.0,1,1.0,2,57,39.0,3000000,1,1,0,5128.0
210.0,1,1.0,1,74,39.0,2000000,1,0,0,5128.0
50.0,1,1.0,2,74,39.0,3500000,1,0,0,5128.0
500.0,1,1.0,2,81,39.0,1800000,1,1,0,3600.0
350.0,1,1.0,2,74,39.0,1600000,1,1,0,4571.0
379.0,1,1.0,2,74,1.0,1600000,1,1,1,4221.0
236.8058,1,1.0,2,204,1.0,2000000,1,1,0,4221.0
445.0,1,1.0,2,205,1.0,1500000,1,1,0,4221.0
452.0838,2,1.0,0,58,1.0,3000000,1,1,0,6636.0
350.0,1,1.0,2,204,1.0,1490000,1,0,0,4270.0
437.0,1,1.0,0,74,1.0,3500000,1,0,0,4270.0
61.0,3,3.0,2,32,1.0,4000000,1,1,0,4270.0
495.0,2,2.0,2,204,1.0,1750000,1,1,1,4270.0
900.0,2,2.0,2,208,1.0,4600000,1,1,0,4270.0
350.0,1,1.0,1,74,1.0,1800000,1,1,1,5143.0
585.0,2,2.0,2,204,1.0,1900000,1,1,1,3248.0
198.0,1,1.0,0,207,1.0,1000000,1,1,0,5051.0
4900.0,1,1.0,2,74,1.0,1000000,1,0,0,5051.0
2077.4327,1,1.0,2,57,1.0,1000000,1,1,1,5051.0
50.0,1,1.0,1,74,1.0,3500000,1,0,0,5051.0
990.0,3,2.0,0,204,1.0,5000000,1,1,1,5051.0
425.0,1,1.0,2,204,1.0,2200000,1,1,0,5176.0
750.0,2,2.0,2,183,1.0,13000000,0,0,1,11291.5
1400.0,3,3.0,1,322,2.0,34000000,1,0,1,11291.5
850.0,2,2.0,2,183,2.0,8500000,1,1,1,14888.0
750.0,2,2.0,2,183,2.0,11500000,0,0,1,14888.0
2600.0,4,5.0,1,114,3.0,52500000,1,0,1,14888.0
800.0,2,2.0,1,183,1.0,12000000,1,0,1,14888.0
550.0,2,2.0,1,183,2.0,10700000,1,1,1,14888.0
700.0,2,2.0,1,183,1.0,9000000,1,1,0,14888.0
900.0,3,2.0,1,156,1.0,6200000,1,1,0,14888.0
100.0,3,2.0,1,183,1.0,17000000,1,1,1,14888.0
900.0,2,3.0,1,184,2.0,12500000,1,1,1,14888.0
1500.0,2,2.0,1,183,3.0,13000000,1,0,1,14888.0
650.0,3,2.0,2,156,3.0,4200000,1,1,1,14888.0
2000.0,4,4.0,1,183,2.0,36000000,1,0,1,14888.0
500.0,1,1.0,2,183,2.0,2300000,1,1,0,14888.0
1125.0,2,2.0,2,183,2.0,8100000,1,1,1,7200.0
1300.0,3,3.0,1,183,1.0,10000000,1,1,1,7200.0
1290.0,3,2.0,1,183,2.0,20000000,1,1,1,7200.0
1350.0,3,3.0,1,322,2.0,30000000,1,0,1,7200.0
1400.0,3,3.0,1,322,1.0,30000000,1,0,1,21429.0
1700.0,3,3.0,2,322,2.0,30000000,1,0,1,21429.0
450.0,1,1.0,2,98,1.0,3300000,1,1,0,11291.5
750.0,2,1.0,2,129,1.0,7350000,1,1,0,11291.5
1500.0,4,1.0,2,100,1.0,12500000,1,1,0,11291.5
400.0,1,1.0,1,98,1.0,3500000,1,1,0,11291.5
650.0,2,2.0,2,98,1.0,6500000,1,1,1,11291.5
900.0,2,2.0,0,98,2.0,6900000,1,1,1,7666.0
400.0,1,1.0,2,98,1.0,3600000,1,1,1,7666.0
900.0,3,2.0,1,98,2.0,13500000,1,1,0,7666.0
1000.0,3,2.0,0,53,1.0,9200000,1,1,0,9200.0
405.0,1,1.0,2,98,1.0,2500000,1,1,0,9200.0
1700.0,3,2.0,0,53,1.0,17000000,1,1,0,9200.0
800.0,3,2.0,1,99,1.0,9030000,1,1,0,9200.0
1076.39,3,2.0,2,98,10.0,9300000,1,1,1,8640.0
750.0,2,1.0,1,83,2.0,6500000,1,0,0,8640.0
460.0,2,1.0,2,98,2.0,3300000,1,1,1,8640.0
370.0,1,1.0,2,98,2.0,2400000,1,1,1,6486.0
1800.0,3,3.0,1,98,1.0,15000000,1,0,1,8333.0
1080.0,3,1.0,2,99,1.0,7000000,1,0,0,8333.0
350.0,1,1.0,2,80,1.0,4200000,1,1,0,12000.0
500.0,2,1.0,0,99,1.0,5800000,1,1,0,12000.0
900.0,3,2.0,1,98,1.0,4800000,1,1,0,12000.0
800.0,2,2.0,1,98,1.0,7500000,1,1,0,9375.0
350.0,1,1.0,2,59,1.0,3000000,1,1,0,9375.0
430.556,1,1.0,2,99,1.0,4300000,1,1,0,9375.0
500.0,1,1.0,1,98,1.0,2600000,1,1,1,5200.0
1450.0,2,2.0,2,99,1.0,7000000,1,1,0,5200.0
800.0,2,2.0,2,98,1.0,6000000,1,1,1,7500.0
1000.0,2,2.0,1,98,1.0,6700000,1,1,0,6700.0
1000.0,3,3.0,0,82,1.0,9500000,1,1,0,9500.0
1600.0,3,2.0,1,53,1.0,17000000,1,1,0,10625.0
900.0,2,2.0,1,352,1.0,8000000,1,1,0,11291.5
1500.0,3,3.0,1,352,1.0,12000000,1,1,0,11291.5
1050.0,2,2.0,1,352,1.0,9000000,1,1,0,11291.5
1300.0,3,2.0,1,300,2.0,11500000,1,1,0,11291.5
1600.0,4,3.0,0,187,1.0,20000000,1,1,0,11291.5
900.0,2,2.0,1,245,1.0,8550000,1,1,0,11291.5
1350.0,4,4.0,1,2,1.0,10500000,1,1,0,11291.5
1000.0,3,2.0,0,107,2.0,12000000,1,1,0,11291.5
1400.0,3,2.0,2,316,1.0,11000000,1,1,0,11291.5
975.0,3,2.0,1,352,1.0,12000000,1,1,0,11291.5
900.0,2,2.0,2,186,114.0,9000000,1,1,0,11291.5
1100.0,2,2.0,1,352,114.0,10000000,1,1,0,11291.5
950.0,2,2.0,2,352,114.0,8100000,1,1,0,11291.5
1300.0,3,3.0,0,352,1.0,9200000,1,1,0,11291.5
1459.0,3,3.0,1,352,1.0,14200000,1,1,0,11291.5
1000.0,2,2.0,1,310,1.0,7500000,1,1,0,11291.5
1100.0,2,2.0,1,300,1.0,9500000,1,1,0,11291.5
1450.0,3,2.0,0,310,1.0,14000000,1,1,0,9655.0
1450.0,3,3.0,1,2,1.0,11600000,1,1,0,9655.0
1150.0,3,3.0,1,352,1.0,12000000,1,1,0,9655.0
780.0,2,2.0,1,352,1.0,7500000,1,1,0,9655.0
1300.0,3,2.0,1,10,2.0,9800000,1,1,0,9655.0
1350.0,3,3.0,1,217,1.0,12000000,1,1,0,9655.0
1200.0,3,2.0,1,182,1.0,12500000,1,1,0,9655.0
1460.0,3,3.0,1,242,1.0,16500000,1,1,0,9655.0
1460.0,3,3.0,2,352,1.0,12000000,1,1,0,9655.0
1100.0,2,2.0,2,352,1.0,7200000,1,1,0,9655.0
1500.0,3,3.0,0,38,2.0,15000000,1,1,0,10000.0
1050.0,2,2.0,1,134,1.0,10000000,1,1,0,10000.0
1350.0,3,3.0,1,117,1.0,11000000,1,1,0,10000.0
1500.0,2,2.0,0,118,2.0,24700000,0,0,0,16466.0
976.0,2,2.0,0,118,2.0,24900000,0,0,0,25512.0
540.0,2,1.0,1,3,1.0,3600000,1,0,1,25512.0
450.0,1,1.0,1,29,1.0,1700000,1,0,1,25512.0
900.0,2,2.0,2,329,1.0,11000000,1,1,0,25512.0
979.5149,2,2.0,2,119,1.0,24800000,0,0,0,30000.0
945.0,2,2.0,1,119,1.0,24900000,0,0,0,30000.0
976.0,2,2.0,2,119,2.0,24900000,0,0,0,30000.0
1531.0,2,2.0,2,118,2.0,25900000,0,0,0,16917.0
1000.0,2,2.0,2,329,2.0,11700000,1,1,1,16917.0
750.0,3,2.0,0,329,2.0,13500000,1,1,0,16917.0
900.0,3,2.0,0,4,1.0,5500000,1,1,1,16917.0
1512.0,2,2.0,2,118,1.0,30000000,0,0,0,19841.0
35.0,3,2.0,1,3,2.0,4950000,1,1,0,19841.0
1500.0,3,2.0,1,329,1.0,16000000,1,1,0,19841.0
2907.0,4,4.0,1,329,1.0,30000000,1,1,0,10320.0
2210.0,4,3.0,1,329,1.0,41000000,1,1,1,10320.0
750.0,2,2.0,1,4,1.0,3800000,1,1,1,10320.0
588.0,2,2.0,2,140,2.0,1800000,1,0,0,10320.0
540.0,2,1.0,2,361,2.0,1500000,1,1,1,2778.0
1100.0,3,3.0,1,329,2.0,12500000,1,1,0,2778.0
550.0,2,1.0,1,29,2.0,1600000,1,1,0,2778.0
750.0,3,2.0,1,28,1.0,2400000,1,1,1,2778.0
1260.0,3,2.0,1,3,1.0,7000000,1,1,1,5556.0
675.0,2,2.0,2,4,1.0,3100000,1,1,1,5556.0
810.0,2,2.0,1,329,1.0,14500000,1,1,0,5556.0
2000.0,4,4.0,1,329,1.0,27500000,1,1,1,5556.0
1775.0,3,3.0,1,339,1.0,25500000,0,0,0,14366.0
1135.0,3,3.0,0,339,2.0,25000000,0,1,0,14366.0
1252.0,2,2.0,1,339,1.0,18500000,0,0,0,14776.0
2000.0,4,4.0,1,339,1.0,39700000,0,0,0,14776.0
530.0,4,1.0,1,96,1.0,6800000,1,1,0,14776.0
1332.0,3,2.0,1,30,1.0,6540000,1,1,1,14776.0
1017.0,3,3.0,1,339,1.0,22000000,1,0,0,14776.0
1775.0,3,3.0,1,339,1.0,25500000,0,0,0,14366.0
987.0,2,2.0,1,339,1.0,17000000,1,0,0,14366.0
1912.0,3,3.0,1,339,1.0,27500000,0,0,0,14382.0
2805.0,4,4.0,2,339,2.0,52300000,0,1,0,14092.0
1500.0,3,3.0,2,78,2.0,16000000,1,1,0,14092.0
1280.0,3,3.0,0,152,2.0,15000000,1,1,1,14092.0
1775.0,3,3.0,1,339,1.0,25500000,0,0,0,14366.0
675.0,2,2.0,1,152,1.0,10000000,1,1,1,14815.0
576.0,2,2.0,2,243,1.0,5000000,1,1,0,14815.0
1206.0,3,3.0,1,152,1.0,20000000,1,1,1,16584.0
1143.0,2,2.0,2,77,1.0,16000000,1,1,0,125984.0
345.0,1,1.0,1,152,1.0,5500000,1,1,1,125984.0
720.0,2,1.0,1,96,1.0,7000000,1,1,1,9722.0
468.0,2,2.0,2,152,1.0,4100000,1,1,1,8761.0
1600.0,3,3.0,1,153,1.0,24000000,1,0,1,8761.0
950.0,2,2.0,0,77,1.0,12500000,1,1,0,8761.0
535.0,2,1.0,0,96,1.0,3900000,1,0,0,7290.0
1200.0,3,2.0,1,152,1.0,14500000,1,1,1,7290.0
1501.0,3,2.0,1,339,1.0,20000000,0,1,0,13324.0
1135.0,3,3.0,0,339,2.0,24500000,0,1,0,13324.0
1200.0,3,2.0,1,339,1.0,20900000,0,1,0,13324.0
2200.0,3,3.0,1,339,1.0,43100000,1,0,0,13324.0
1240.0,3,3.0,2,85,1.0,18000000,1,1,0,11291.5
3002.0,4,5.0,1,86,2.0,50000000,1,1,0,11291.5
1350.0,3,2.0,2,223,1.0,18500000,1,1,0,11291.5
2300.0,4,5.0,1,223,3.0,46500000,1,0,0,11291.5
1429.0,3,3.0,2,223,2.0,17500000,1,1,0,11291.5
2430.0,4,5.0,1,223,2.0,42500000,1,1,0,11291.5
1450.0,3,3.0,1,86,2.0,15500000,1,0,0,11291.5
1250.0,2,2.0,0,86,2.0,15000000,1,1,0,11291.5
2800.0,4,4.0,2,86,2.0,40000000,1,1,0,14285.0
1646.0,3,3.0,2,86,1.0,20000000,1,1,0,12151.0
900.0,2,2.0,1,223,1.0,6700000,1,1,0,12151.0
1250.0,3,2.0,1,86,1.0,16000000,1,1,0,12151.0
900.0,3,2.0,2,223,1.0,8000000,1,1,1,8889.0
1590.0,3,2.0,2,86,2.0,25000000,1,0,0,8889.0
990.0,3,2.0,2,223,2.0,25000000,1,1,0,8889.0
2282.0,4,5.0,2,86,2.0,37500000,1,1,0,8889.0
1260.0,3,3.0,1,86,1.0,25000000,1,1,0,8889.0
1457.0,3,3.0,2,223,1.0,23000000,1,1,0,8889.0
1400.0,3,2.0,1,223,2.0,17500000,1,1,0,8889.0
2175.0,4,4.0,2,85,1.0,44000000,1,1,0,8889.0
1450.0,3,3.0,1,86,2.0,15000000,1,0,0,8889.0
2800.0,4,5.0,1,86,2.0,42500000,1,1,0,15178.0
861.112,2,2.0,0,223,2.0,5000000,1,1,1,5806.0
2282.0,4,5.0,2,86,2.0,38000000,1,1,0,5806.0
1753.0,3,3.0,2,86,1.0,19000000,1,1,0,10838.0
2659.0,4,5.0,2,223,3.0,43500000,1,1,0,10838.0
1550.0,3,2.0,2,223,3.0,19500000,1,1,0,10838.0
1470.0,3,2.0,1,86,2.0,14200000,1,0,0,10838.0
702.0,3,2.0,1,223,2.0,14200000,1,1,0,10838.0
1138.0,2,2.0,1,223,2.0,13500000,1,0,0,10838.0
1600.0,3,3.0,1,319,2.0,21000000,1,0,1,11291.5
1600.0,3,3.0,1,319,1.0,22500000,1,1,1,11291.5
1250.0,2,4.0,1,318,1.0,19000000,1,1,1,11291.5
810.0,3,2.0,1,320,1.0,7500000,1,1,1,11291.5
585.0,2,2.0,1,311,1.0,4000000,1,1,1,11291.5
1700.0,3,3.0,2,311,2.0,8000000,1,1,1,11291.5
1800.0,3,4.0,1,319,2.0,19000000,1,1,0,10556.0
600.0,1,1.0,2,320,2.0,7000000,1,0,0,10556.0
1250.0,3,3.0,2,230,1.0,5800000,1,0,1,10556.0
600.0,3,2.0,1,311,1.0,8000000,1,1,1,10556.0
1600.0,3,4.0,2,319,1.0,18800000,1,1,0,10556.0
1100.0,3,2.0,1,230,1.0,6000000,1,0,1,10556.0
450.0,1,1.0,2,230,1.0,2200000,1,0,0,10556.0
855.0,3,2.0,1,311,1.0,6500000,1,1,1,10556.0
1291.668,3,2.0,2,319,1.0,23500000,1,1,0,10556.0
1300.0,2,2.0,1,319,2.0,16000000,1,1,0,12307.0
1350.0,3,3.0,2,319,2.0,20000000,1,1,0,12307.0
900.0,2,2.0,2,319,2.0,5500000,1,0,1,12307.0
850.0,2,2.0,1,319,1.0,13500000,1,1,0,15882.0
1650.0,3,3.0,1,319,1.0,22500000,1,1,1,15882.0
650.0,2,2.0,2,230,1.0,3800000,1,1,0,15882.0
630.0,2,2.0,1,12,1.0,4600000,1,1,1,65714.0
1250.0,2,1.0,1,319,2.0,17500000,1,1,0,65714.0
1800.0,4,3.0,0,230,2.0,5500000,1,0,1,65714.0
1500.0,3,3.0,1,319,2.0,22500000,1,1,1,65714.0
1100.0,2,2.0,1,319,1.0,12500000,1,1,0,11363.0
1400.0,3,2.0,1,319,2.0,19000000,1,1,0,13571.0
1300.0,2,2.0,1,319,2.0,15500000,1,1,0,11923.0
1100.0,2,2.0,1,319,2.0,13500000,1,1,0,12272.0
1600.0,3,3.0,1,319,2.0,21000000,1,1,0,13125.0
2250.0,4,4.0,1,256,2.0,50000000,1,0,1,11291.5
2592.0,4,3.0,2,252,2.0,42500000,1,1,1,11291.5
1800.0,4,4.0,2,259,2.0,45500000,0,0,1,11291.5
1700.0,3,3.0,1,252,2.0,23000000,1,1,1,11291.5
1640.0,3,3.0,2,259,1.0,12000000,1,1,0,11291.5
2572.0,3,3.0,0,259,4.0,35000000,1,1,0,13608.0
2100.0,3,3.0,1,257,1.0,25000000,1,1,1,11905.0
1620.0,3,3.0,1,258,1.0,29000000,1,0,1,11905.0
2250.0,3,3.0,1,259,2.0,20500000,1,1,0,11905.0
2445.0,4,4.0,1,87,1.0,52500000,1,1,0,11905.0
2250.0,4,4.0,2,252,2.0,37500000,1,0,1,11905.0
800.0,2,2.0,1,256,2.0,7500000,1,1,0,11905.0
1450.0,3,3.0,1,255,2.0,32500000,1,1,1,11905.0
1440.0,3,3.0,2,258,2.0,24500000,1,1,1,11905.0
1800.0,3,3.0,1,252,2.0,27500000,1,0,1,11905.0
195.0,3,3.0,1,258,1.0,28000000,0,0,1,11905.0
807.2925,2,1.0,1,258,1.0,8000000,1,1,1,9909.0
1000.0,2,2.0,1,254,1.0,7800000,1,1,0,7800.0
900.0,2,2.0,1,31,1.0,15000000,1,1,1,16667.0
1800.0,3,3.0,0,253,1.0,27500000,1,1,1,15278.0
17010.0,3,3.0,1,259,2.0,25000000,1,1,1,15278.0
2340.0,4,4.0,1,253,1.0,26000000,1,1,1,15278.0
1350.0,3,3.0,2,253,1.0,23500000,1,1,0,15278.0
464.0,3,1.0,2,31,1.0,4200000,1,1,1,15278.0
954.0,2,2.0,2,253,1.0,10000000,1,1,1,15278.0
1155.0,2,2.0,1,228,1.0,18500000,1,1,1,15278.0
700.0,2,2.0,2,7,1.0,16500000,1,1,0,11291.5
980.0,2,2.0,1,321,2.0,13800000,1,1,0,11291.5
1350.0,3,3.0,1,209,2.0,21000000,1,1,0,11291.5
1800.0,3,3.0,1,112,2.0,22500000,1,1,0,11291.5
968.751,2,2.0,1,13,2.0,15000000,1,1,0,11291.5
1250.0,3,3.0,1,209,2.0,20000000,1,0,0,11291.5
1800.0,3,3.0,0,13,2.0,20000000,1,0,0,11291.5
1400.0,3,2.0,1,321,2.0,26000000,1,1,1,11291.5
1000.0,3,3.0,1,209,2.0,19500000,1,1,0,11291.5
1800.0,4,2.0,1,337,1.0,21500000,1,1,0,11291.5
1500.0,3,3.0,2,7,1.0,26500000,1,0,0,11291.5
1600.0,3,3.0,1,209,2.0,20000000,1,1,0,12500.0
1400.0,3,3.0,0,210,1.0,18000000,1,1,0,12500.0
1400.0,3,2.0,2,7,1.0,19000000,1,1,0,12500.0
2700.0,4,4.0,2,125,2.0,36500000,1,1,1,12500.0
1100.0,2,2.0,2,7,2.0,15000000,1,1,0,12500.0
1200.0,2,2.0,1,7,2.0,17500000,1,1,0,12500.0
1400.0,2,2.0,1,7,2.0,14000000,1,1,0,12500.0
1500.0,3,3.0,1,249,2.0,21000000,1,1,0,12500.0
1320.0,3,2.0,2,7,2.0,15600000,1,1,0,12500.0
1300.0,3,3.0,2,250,2.0,19000000,1,1,0,12500.0
1150.0,2,2.0,2,209,1.0,16500000,1,1,0,12500.0
1440.0,3,3.0,2,7,1.0,19000000,1,1,0,12500.0
1400.0,2,2.0,2,225,1.0,16500000,1,1,0,12500.0
450.0,1,1.0,1,7,1.0,3000000,1,1,1,12500.0
1300.0,2,2.0,1,359,1.0,15000000,1,1,0,11538.0
1200.0,2,2.0,2,225,1.0,14300000,1,1,0,11538.0
1300.0,3,2.0,2,225,1.0,18500000,1,1,0,11538.0
1400.0,3,3.0,0,338,1.0,19000000,1,1,0,11538.0
1400.0,3,3.0,1,7,1.0,19000000,1,1,0,11538.0
500.0,2,2.0,1,122,1.0,3300000,1,0,1,11291.5
700.0,2,2.0,1,122,1.0,3800000,1,0,1,11291.5
900.0,3,3.0,1,122,1.0,7000000,1,0,1,11291.5
1260.0,3,3.0,1,147,2.0,16500000,1,1,1,11291.5
950.0,3,2.0,1,122,1.0,8000000,1,0,0,11291.5
405.0,1,1.0,2,73,1.0,5600000,1,1,1,11291.5
1800.0,2,2.0,0,147,1.0,21000000,1,1,1,11291.5
1300.0,3,3.0,1,147,2.0,21000000,1,1,1,11291.5
1000.0,3,3.0,1,122,2.0,8600000,1,0,0,11291.5
900.0,3,2.0,1,116,2.0,6600000,1,1,0,11291.5
1800.0,3,3.0,1,122,2.0,14000000,1,1,1,11291.5
720.0,2,2.0,2,122,2.0,4700000,1,1,1,11291.5
1485.0,3,3.0,2,270,1.0,30000000,1,1,0,11291.5
1600.0,3,3.0,1,147,2.0,26000000,1,1,1,11291.5
1200.0,2,2.0,0,94,2.0,18500000,1,1,0,11291.5
900.0,2,2.0,1,90,2.0,6500000,1,1,0,11291.5
900.0,2,2.0,2,147,2.0,15000000,1,1,0,11291.5
800.0,2,2.0,1,150,1.0,8000000,1,1,1,10000.0
1150.0,2,3.0,1,94,2.0,16100000,1,1,0,10000.0
900.0,3,3.0,1,122,1.0,6800000,1,0,1,10000.0
1070.0,3,2.0,0,148,1.0,6800000,1,1,0,10000.0
1050.0,2,2.0,2,148,1.0,9000000,1,1,0,10000.0
1000.0,2,2.0,1,149,1.0,18000000,1,1,1,18000.0
1550.0,3,3.0,2,185,2.0,27500000,1,1,1,18000.0
1300.0,3,2.0,2,95,1.0,13500000,1,1,0,18000.0
810.0,2,2.0,1,147,1.0,14000000,1,0,1,18000.0
900.0,2,2.0,0,147,1.0,9000000,1,1,1,18000.0
1200.0,2,2.0,2,94,1.0,16000000,1,1,0,18000.0
1000.0,2,3.0,1,148,1.0,11000000,1,1,0,18000.0
720.0,2,2.0,2,122,1.0,5500000,0,0,1,18000.0
2520.0,3,3.0,2,131,1.0,47500000,1,0,1,11291.5
1700.0,3,4.0,2,131,2.0,45000000,1,0,1,11291.5
1800.0,3,3.0,1,131,2.0,43500000,1,0,1,24166.0
2000.0,3,3.0,2,307,2.0,37500000,1,1,0,30000.0
1100.0,3,3.0,2,290,2.0,18500000,1,1,0,30000.0
1750.0,3,3.0,2,131,2.0,35000000,1,1,1,170000.0
1200.0,2,2.0,0,133,1.0,27500000,1,1,1,18055.0
1500.0,3,4.0,2,131,2.0,45000000,1,1,1,18055.0
1800.0,3,4.0,1,131,2.0,47000000,1,0,1,18055.0
1600.0,3,4.0,1,131,2.0,27500000,1,1,1,18055.0
1700.0,3,3.0,1,308,1.0,36500000,1,1,0,25000.0
1980.0,3,4.0,2,307,1.0,35000000,0,0,0,17677.0
1250.0,3,3.0,1,290,1.0,24000000,1,1,1,17677.0
1450.0,3,3.0,1,290,1.0,45000000,1,0,1,37037.0
2097.0,3,3.0,2,44,1.0,29000000,1,1,1,11291.5
1250.0,3,3.0,1,17,1.0,25500000,0,0,1,11291.5
1600.0,3,3.0,1,44,2.0,33500000,1,0,1,20938.0
1700.0,3,3.0,1,44,2.0,47500000,1,0,1,20938.0
1116.0,3,3.0,1,44,1.0,14700000,1,1,1,20938.0
1070.0,2,3.0,1,44,1.0,18000000,1,0,1,20938.0
1200.0,3,3.0,1,44,1.0,22500000,1,0,1,20938.0
1200.0,3,3.0,2,44,1.0,22000000,1,0,1,18333.0
1200.0,3,3.0,1,46,1.0,22200000,1,0,1,18333.0
1450.0,3,3.0,1,44,1.0,22500000,1,1,1,18333.0
1000.0,2,2.0,1,44,1.0,7500000,1,1,0,18333.0
2430.0,4,4.0,0,47,5.0,30000000,1,1,1,18333.0
945.0,2,1.0,2,44,5.0,6500000,1,1,0,6878.0
1650.0,3,3.0,2,44,5.0,35000000,1,0,1,6878.0
1350.0,3,2.0,1,216,1.0,17500000,1,1,1,6878.0
1800.0,4,4.0,1,44,2.0,40000000,1,0,1,6878.0
125.0,3,3.0,1,44,2.0,11500000,1,0,1,6878.0
1440.0,3,3.0,1,44,2.0,22500000,1,0,1,6878.0
1900.0,3,4.0,1,44,2.0,28500000,1,0,1,6878.0
1800.0,3,3.0,1,44,2.0,29000000,1,1,1,6878.0
1200.0,3,2.0,1,44,1.0,15500000,1,1,1,12916.0
1800.0,3,3.0,1,216,1.0,26000000,1,1,1,12916.0
1200.0,3,3.0,1,44,1.0,16500000,1,1,1,12916.0
4118.0,4,5.0,2,44,3.0,55000000,1,0,1,12916.0
1050.0,3,2.0,1,44,3.0,12500000,1,1,1,12916.0
875.0,3,3.0,1,44,3.0,17500000,1,0,1,12916.0
990.0,2,2.0,2,45,1.0,11500000,1,1,1,12916.0
11050.0,3,3.0,2,44,1.0,18500000,1,0,1,12916.0
