Area,BHK,Bathroom,Furnishing,Locality,Parking,Price,Type,Per_Sqft
800.0,3.0,2.0,2.0,271,1.0,6500000,Builder_Floor,11291.5
750.0,2.0,2.0,2.0,135,1.0,5000000,Apartment,6667.0
950.0,2.0,2.0,1.0,47,1.0,15500000,Apartment,6667.0
600.0,2.0,2.0,2.0,270,1.0,4200000,Builder_Floor,6667.0
650.0,2.0,2.0,2.0,270,1.0,6200000,Builder_Floor,6667.0
1300.0,4.0,3.0,2.0,270,1.0,15500000,Builder_Floor,6667.0
1350.0,4.0,3.0,2.0,270,1.0,10000000,Builder_Floor,6667.0
650.0,2.0,2.0,2.0,89,1.0,4000000,Apartment,6154.0
985.0,3.0,3.0,0.0,267,1.0,6800000,Builder_Floor,6154.0
1300.0,4.0,4.0,2.0,268,1.0,15000000,Builder_Floor,6154.0
1100.0,3.0,2.0,2.0,266,1.0,6200000,Builder_Floor,6154.0
870.0,3.0,2.0,2.0,271,1.0,7700000,Builder_Floor,6154.0
630.0,2.0,2.0,2.0,270,1.0,5500000,Builder_Floor,6154.0
660.0,2.0,2.0,2.0,270,1.0,5000000,Builder_Floor,6154.0
344.4448,2.0,2.0,2.0,274,1.0,3310000,Builder_Floor,6154.0
660.0,2.0,2.0,2.0,272,1.0,4700000,Builder_Floor,6154.0
550.0,2.0,2.0,2.0,268,1.0,4500000,Builder_Floor,6154.0
1100.0,4.0,3.0,2.0,263,1.0,17000000,Builder_Floor,6154.0
1150.0,3.0,3.0,2.0,262,1.0,25000000,Apartment,6154.0
650.0,2.0,2.0,2.0,270,1.0,6000000,Builder_Floor,6154.0
850.0,2.0,2.0,2.0,184,1.0,11000000,Apartment,6154.0
900.0,3.0,2.0,2.0,337,5.0,4500000,Builder_Floor,6154.0
430.556,1.0,1.0,1.0,264,2.0,5300000,Apartment,6154.0
900.0,2.0,2.0,2.0,234,1.0,10500000,Apartment,6154.0
914.9315,2.0,2.0,2.0,273,1.0,12000000,Builder_Floor,6154.0
1100.0,3.0,3.0,1.0,266,1.0,7000000,Builder_Floor,6364.0
800.0,3.0,2.0,2.0,271,1.0,7000000,Builder_Floor,8750.0
500.0,1.0,1.0,2.0,287,1.0,3400000,Apartment,8750.0
28.0,2.0,2.0,1.0,271,1.0,5000000,Apartment,8750.0
2160.0,4.0,4.0,1.0,265,1.0,21000000,Builder_Floor,9722.0
1500.0,1.0,2.0,0.0,163,1.0,13500000,Apartment,11291.5
800.0,2.0,2.0,0.0,162,1.0,15000000,Builder_Floor,11291.5
900.0,2.0,2.0,0.0,161,1.0,10500000,Builder_Floor,11291.5
1080.0,3.0,2.0,2.0,338,1.0,22500000,Builder_Floor,11291.5
750.0,2.0,2.0,0.0,165,1.0,13600000,Builder_Floor,11291.5
1450.0,3.0,3.0,2.0,164,2.0,30000000,Builder_Floor,11291.5
900.0,2.0,2.0,2.0,161,1.0,13500000,Apartment,11291.5
810.0,2.0,2.0,2.0,85,1.0,8910000,Builder_Floor,11291.5
1350.0,3.0,4.0,0.0,161,1.0,25000000,Apartment,11291.5
1710.0,3.0,3.0,2.0,163,4.0,26000000,Builder_Floor,11291.5
1650.0,3.0,3.0,2.0,161,1.0,30000000,Builder_Floor,11291.5
1280.0,2.0,2.0,1.0,161,1.0,12500000,Builder_Floor,11291.5
1260.0,3.0,3.0,2.0,164,1.0,21000000,Builder_Floor,11291.5
1130.0,2.0,2.0,0.0,165,1.0,7800000,Builder_Floor,11291.5
600.0,2.0,2.0,2.0,8,1.0,11500000,Builder_Floor,11291.5
850.0,2.0,2.0,2.0,162,1.0,11500000,Builder_Floor,11291.5
1500.0,3.0,3.0,2.0,163,2.0,26000000,Builder_Floor,11291.5
900.0,2.0,2.0,2.0,8,2.0,13000000,Builder_Floor,14444.0
1000.0,3.0,3.0,2.0,338,1.0,22000000,Builder_Floor,22000.0
900.0,2.0,2.0,2.0,163,1.0,15800000,Builder_Floor,22000.0
2925.0,4.0,4.0,0.0,164,2.0,57500000,Builder_Floor,22000.0
900.0,2.0,2.0,0.0,162,2.0,10000000,Builder_Floor,22000.0
1600.0,3.0,3.0,0.0,164,2.0,30000000,Builder_Floor,22000.0
1143.0,3.0,3.0,0.0,338,2.0,22000000,Builder_Floor,22000.0
1150.0,3.0,3.0,2.0,338,2.0,24000000,Builder_Floor,22000.0
1500.0,3.0,3.0,2.0,164,1.0,31500000,Builder_Floor,22000.0
850.0,2.0,2.0,2.0,163,1.0,14600000,Builder_Floor,22000.0
8000.0,4.0,5.0,2.0,161,1.0,240000000,Builder_Floor,22000.0
890.0,2.0,2.0,2.0,162,1.0,8300000,Builder_Floor,22000.0
1100.0,3.0,3.0,0.0,338,1.0,22500000,Builder_Floor,22000.0
750.0,1.0,1.0,1.0,60,2.0,4600000,Apartment,11291.5
850.0,2.0,1.0,2.0,311,2.0,1900000,Apartment,2235.0
1350.0,3.0,2.0,0.0,169,1.0,5130000,Apartment,3800.0
1387.0,4.0,4.0,0.0,88,1.0,5890000,Apartment,4247.0
1050.0,3.0,2.0,0.0,323,1.0,3700000,Apartment,3524.0
1500.0,3.0,2.0,0.0,157,1.0,17400000,Apartment,3524.0
1200.0,3.0,3.0,2.0,19,1.0,15500000,Apartment,3524.0
700.0,2.0,1.0,2.0,169,1.0,2400000,Apartment,3524.0
1700.0,3.0,2.0,2.0,318,1.0,17200000,Apartment,3524.0
1550.0,3.0,2.0,1.0,309,2.0,14200000,Apartment,3524.0
1400.0,3.0,3.0,2.0,46,1.0,13500000,Apartment,3524.0
1900.0,4.0,4.0,2.0,194,1.0,30000000,Apartment,3524.0
2160.0,4.0,3.0,0.0,39,1.0,21000000,Apartment,3524.0
1700.0,4.0,3.0,0.0,206,1.0,20500000,Apartment,3524.0
1850.0,3.0,4.0,2.0,97,1.0,24000000,Apartment,3524.0
1800.0,4.0,2.0,2.0,185,1.0,16500000,Apartment,3524.0
1620.0,3.0,2.0,2.0,50,1.0,14900000,Apartment,3524.0
1800.0,4.0,3.0,1.0,22,1.0,19200000,Apartment,3524.0
1540.0,3.0,3.0,2.0,202,1.0,14500000,Apartment,3524.0
1600.0,3.0,3.0,2.0,18,1.0,15600000,Apartment,3524.0
1400.0,3.0,2.0,0.0,134,1.0,11400000,Apartment,3524.0
2300.0,4.0,4.0,1.0,193,1.0,31500000,Apartment,3524.0
1560.0,3.0,2.0,1.0,21,2.0,15800000,Apartment,3524.0
1500.0,3.0,3.0,2.0,149,2.0,16000000,Apartment,3524.0
1540.0,3.0,3.0,2.0,202,1.0,14500000,Apartment,3524.0
1050.0,2.0,2.0,0.0,160,1.0,10500000,Apartment,3524.0
1800.0,3.0,2.0,2.0,101,1.0,14800000,Apartment,3524.0
400.0,1.0,1.0,2.0,100,1.0,1850000,Builder_Floor,3524.0
1150.0,3.0,2.0,2.0,99,1.0,6800000,Builder_Floor,3524.0
1525.0,3.0,3.0,2.0,46,1.0,14200000,Apartment,3524.0
900.0,1.0,1.0,2.0,164,1.0,8900000,Builder_Floor,11291.5
1450.0,3.0,3.0,2.0,164,2.0,37500000,Builder_Floor,11291.5
1450.0,3.0,3.0,2.0,164,2.0,30000000,Builder_Floor,11291.5
1260.0,3.0,3.0,2.0,164,2.0,21000000,Builder_Floor,11291.5
2925.0,4.0,4.0,0.0,164,2.0,57500000,Builder_Floor,11291.5
1710.0,3.0,3.0,2.0,164,1.0,30000000,Builder_Floor,11291.5
1600.0,3.0,3.0,0.0,164,1.0,30000000,Builder_Floor,11291.5
1500.0,3.0,3.0,2.0,164,1.0,31500000,Builder_Floor,11291.5
2200.0,3.0,3.0,0.0,164,1.0,30000000,Builder_Floor,11291.5
1350.0,3.0,3.0,0.0,164,1.0,41500000,Builder_Floor,11291.5
1710.0,3.0,3.0,2.0,164,1.0,24800000,Builder_Floor,11291.5
1350.0,3.0,3.0,2.0,164,2.0,35000000,Builder_Floor,11291.5
1500.0,3.0,3.0,2.0,164,1.0,40000000,Builder_Floor,26666.0
2880.0,4.0,5.0,0.0,164,1.0,46000000,Builder_Floor,15972.0
2700.0,4.0,4.0,2.0,164,2.0,55000000,Builder_Floor,183333.0
1400.0,3.0,3.0,0.0,164,1.0,24500000,Builder_Floor,183333.0
1800.0,3.0,3.0,0.0,164,1.0,24500000,Apartment,183333.0
1400.0,3.0,3.0,2.0,164,1.0,32500000,Builder_Floor,183333.0
1000.0,2.0,2.0,1.0,164,1.0,20000000,Apartment,20000.0
8000.0,4.0,5.0,2.0,161,1.0,240000000,Builder_Floor,20000.0
1000.0,2.0,2.0,1.0,164,1.0,20000000,Apartment,20000.0
1700.0,3.0,3.0,1.0,164,2.0,19000000,Builder_Floor,20000.0
1600.0,3.0,3.0,0.0,164,2.0,26000000,Builder_Floor,20000.0
1350.0,3.0,3.0,0.0,164,1.0,21000000,Builder_Floor,15556.0
1700.0,3.0,3.0,2.0,164,1.0,27500000,Builder_Floor,16176.0
1400.0,3.0,3.0,2.0,164,2.0,32500000,Builder_Floor,16176.0
1450.0,3.0,3.0,2.0,164,1.0,45000000,Builder_Floor,16176.0
1350.0,3.0,3.0,2.0,164,1.0,21000000,Builder_Floor,15556.0
1700.0,3.0,3.0,0.0,164,1.0,28000000,Builder_Floor,15556.0
1600.0,3.0,3.0,0.0,164,2.0,29500000,Builder_Floor,15556.0
1500.0,1.0,2.0,0.0,163,1.0,13500000,Apartment,11291.5
800.0,2.0,2.0,0.0,163,1.0,14000000,Builder_Floor,11291.5
1710.0,3.0,3.0,2.0,163,4.0,26000000,Builder_Floor,11291.5
1350.0,2.0,2.0,1.0,163,4.0,12500000,Builder_Floor,9259.0
1500.0,3.0,3.0,2.0,163,2.0,26000000,Builder_Floor,9259.0
750.0,2.0,2.0,2.0,339,2.0,11500000,Builder_Floor,9259.0
850.0,2.0,2.0,2.0,163,2.0,14600000,Builder_Floor,9259.0
1575.0,3.0,3.0,2.0,163,1.0,25500000,Builder_Floor,9259.0
1675.0,3.0,3.0,2.0,163,2.0,31000000,Builder_Floor,18507.0
1350.0,3.0,3.0,2.0,163,2.0,22000000,Builder_Floor,18507.0
900.0,2.0,2.0,2.0,163,2.0,13400000,Builder_Floor,18507.0
1800.0,3.0,3.0,2.0,163,2.0,35000000,Builder_Floor,18507.0
900.0,2.0,2.0,1.0,163,2.0,11000000,Builder_Floor,18507.0
900.0,2.0,2.0,0.0,339,2.0,6300000,Builder_Floor,7000.0
900.0,2.0,2.0,1.0,163,2.0,12500000,Builder_Floor,7000.0
800.0,2.0,2.0,0.0,163,1.0,14500000,Builder_Floor,7000.0
1100.0,2.0,3.0,2.0,163,1.0,22500000,Builder_Floor,7000.0
810.0,2.0,2.0,2.0,163,1.0,15500000,Builder_Floor,7000.0
1500.0,3.0,3.0,2.0,163,1.0,26000000,Builder_Floor,7000.0
900.0,2.0,2.0,2.0,163,1.0,15800000,Builder_Floor,7000.0
825.0,2.0,2.0,0.0,163,1.0,15000000,Builder_Floor,7000.0
900.0,2.0,2.0,0.0,163,1.0,13000000,Builder_Floor,7000.0
875.0,2.0,2.0,0.0,163,1.0,15000000,Builder_Floor,7000.0
1350.0,3.0,3.0,2.0,163,1.0,25000000,Builder_Floor,7000.0
750.0,2.0,2.0,2.0,163,1.0,16500000,Builder_Floor,7000.0
900.0,2.0,2.0,0.0,163,1.0,10300000,Builder_Floor,7000.0
1350.0,3.0,3.0,2.0,163,1.0,26000000,Builder_Floor,7000.0
900.0,2.0,2.0,0.0,163,1.0,11000000,Builder_Floor,7000.0
1800.0,3.0,3.0,0.0,163,1.0,28500000,Builder_Floor,7000.0
900.0,2.0,2.0,0.0,163,1.0,11000000,Builder_Floor,7000.0
900.0,2.0,1.0,1.0,33,1.0,11000000,Apartment,11291.5
810.0,3.0,2.0,2.0,33,1.0,4500000,Builder_Floor,11291.5
450.0,2.0,1.0,0.0,34,1.0,3600000,Builder_Floor,72000.0
100.0,3.0,2.0,1.0,35,1.0,4300000,Builder_Floor,43000.0
900.0,3.0,2.0,2.0,33,1.0,4000000,Builder_Floor,4444.0
500.0,2.0,2.0,2.0,35,1.0,1650000,Apartment,3300.0
450.0,1.0,1.0,1.0,33,1.0,2000000,Builder_Floor,4444.0
75.0,2.0,2.0,2.0,33,1.0,3000000,Builder_Floor,40000.0
270.0,2.0,1.0,2.0,35,1.0,1400000,Apartment,5185.0
500.0,2.0,1.0,2.0,35,1.0,2000000,Builder_Floor,4000.0
444.0,2.0,2.0,0.0,35,1.0,2000000,Apartment,4000.0
400.0,1.0,1.0,1.0,33,1.0,2000000,Builder_Floor,4000.0
729.0,3.0,4.0,1.0,33,1.0,2600000,Builder_Floor,3567.0
4050.0,6.0,3.0,1.0,35,1.0,5100000,Builder_Floor,1259.0
2400.0,6.0,4.0,1.0,36,1.0,6000000,Builder_Floor,2500.0
450.0,2.0,2.0,1.0,33,1.0,4000000,Builder_Floor,2500.0
405.0,2.0,3.0,1.0,36,1.0,6200000,Builder_Floor,2500.0
666.0,1.0,2.0,1.0,35,1.0,3500000,Builder_Floor,5255.0
1000.0,2.0,2.0,2.0,288,1.0,7600000,Apartment,5255.0
1360.0,4.0,3.0,2.0,270,1.0,13500000,Builder_Floor,5255.0
1550.0,4.0,3.0,2.0,270,1.0,12500000,Builder_Floor,5255.0
850.0,3.0,2.0,2.0,269,1.0,6500000,Builder_Floor,5255.0
2170.0,4.0,4.0,0.0,269,2.0,22000000,Builder_Floor,5255.0
720.0,3.0,2.0,2.0,269,1.0,6000000,Builder_Floor,5255.0
850.0,3.0,2.0,2.0,269,1.0,7300000,Builder_Floor,5255.0
950.0,3.0,2.0,2.0,269,1.0,7600000,Builder_Floor,5255.0
2300.0,4.0,4.0,2.0,269,1.0,20000000,Builder_Floor,5255.0
1300.0,4.0,4.0,2.0,268,1.0,15000000,Builder_Floor,5255.0
1100.0,3.0,2.0,2.0,266,1.0,6200000,Builder_Floor,5255.0
1030.0,3.0,2.0,1.0,266,1.0,6200000,Builder_Floor,5255.0
350.0,1.0,1.0,2.0,261,1.0,2300000,Builder_Floor,11291.5
750.0,2.0,2.0,2.0,135,1.0,5000000,Apartment,6667.0
720.0,2.0,2.0,2.0,135,1.0,4700000,Apartment,6528.0
800.0,2.0,2.0,2.0,135,1.0,5500000,Apartment,6875.0
350.0,1.0,1.0,2.0,135,1.0,2000000,Apartment,5714.0
980.0,3.0,2.0,2.0,135,1.0,7300000,Apartment,7449.0
1600.0,4.0,3.0,2.0,135,1.0,13000000,Apartment,8125.0
1450.0,3.0,3.0,2.0,135,1.0,11500000,Apartment,7931.0
445.0,2.0,2.0,2.0,135,1.0,2800000,Apartment,7931.0
380.0,1.0,1.0,2.0,135,1.0,2200000,Apartment,5789.0
680.0,2.0,2.0,2.0,135,1.0,4400000,Apartment,6471.0
1600.0,3.0,3.0,2.0,135,1.0,13500000,Apartment,8438.0
630.0,2.0,2.0,2.0,135,1.0,4100000,Apartment,6508.0
1500.0,3.0,2.0,2.0,135,1.0,12000000,Apartment,8000.0
550.0,2.0,2.0,2.0,135,1.0,3500000,Apartment,6364.0
2500.0,4.0,3.0,2.0,135,1.0,15000000,Apartment,6000.0
2800.0,5.0,4.0,2.0,135,1.0,17500000,Apartment,6250.0
300.0,1.0,1.0,2.0,135,1.0,1900000,Apartment,6333.0
800.0,3.0,2.0,2.0,135,1.0,5500000,Apartment,6875.0
1295.0,3.0,2.0,2.0,135,1.0,10000000,Apartment,6875.0
700.0,3.0,2.0,2.0,135,1.0,4700000,Apartment,6714.0
350.0,1.0,1.0,2.0,135,1.0,2400000,Builder_Floor,6714.0
450.0,2.0,2.0,2.0,135,1.0,3800000,Builder_Floor,6714.0
2200.0,4.0,4.0,2.0,135,1.0,23000000,Builder_Floor,6714.0
2300.0,4.0,4.0,2.0,135,1.0,24500000,Builder_Floor,6714.0
1150.0,3.0,2.0,2.0,135,1.0,10000000,Builder_Floor,6714.0
800.0,3.0,2.0,2.0,135,1.0,5500000,Builder_Floor,6714.0
850.0,3.0,2.0,2.0,135,1.0,7000000,Builder_Floor,6714.0
720.0,3.0,2.0,2.0,135,1.0,6500000,Builder_Floor,6714.0
4688.0,5.0,4.0,0.0,324,1.0,135000000,Apartment,28797.0
750.0,2.0,2.0,2.0,135,1.0,5000000,Apartment,6667.0
3901.0,4.0,4.0,0.0,324,1.0,93000000,Apartment,23840.0
950.0,3.0,2.0,1.0,327,1.0,4370000,Apartment,4600.0
1000.0,3.0,2.0,0.0,340,1.0,4620000,Apartment,4620.0
850.0,2.0,1.0,2.0,311,1.0,1900000,Apartment,2235.0
2400.0,4.0,4.0,2.0,104,1.0,70000000,Apartment,2235.0
1350.0,3.0,2.0,0.0,169,1.0,5130000,Apartment,3800.0
540.0,2.0,2.0,2.0,5,1.0,3000000,Apartment,5000.0
1387.0,4.0,4.0,0.0,88,1.0,5890000,Apartment,4247.0
540.0,2.0,2.0,2.0,158,1.0,3300000,Apartment,6111.0
976.0,2.0,2.0,1.0,115,1.0,24900000,Apartment,25512.0
1050.0,3.0,2.0,0.0,323,1.0,3700000,Apartment,3524.0
2700.0,4.0,3.0,2.0,0,1.0,60000000,Builder_Floor,22222.0
1500.0,3.0,2.0,0.0,157,1.0,17400000,Apartment,22222.0
2900.0,5.0,5.0,1.0,138,1.0,51000000,Builder_Floor,22222.0
5025.0,5.0,6.0,0.0,121,4.0,170000000,Builder_Floor,22222.0
1000.0,3.0,2.0,2.0,222,1.0,5510000,Builder_Floor,22222.0
1135.0,3.0,3.0,1.0,322,2.0,25000000,Apartment,22222.0
2306.0,3.0,3.0,0.0,324,1.0,57000000,Apartment,24718.0
850.0,2.0,2.0,2.0,93,1.0,2940000,Apartment,24718.0
1200.0,3.0,3.0,2.0,19,1.0,15500000,Apartment,24718.0
1700.0,3.0,2.0,2.0,318,1.0,17200000,Apartment,24718.0
1800.0,4.0,3.0,2.0,334,2.0,55000000,Builder_Floor,30556.0
1100.0,2.0,2.0,2.0,329,1.0,15000000,Apartment,30556.0
22050.0,4.0,4.0,2.0,120,2.0,51000000,Builder_Floor,30556.0
1550.0,4.0,3.0,2.0,270,1.0,13000000,Builder_Floor,30556.0
1600.0,3.0,3.0,2.0,120,1.0,30000000,Builder_Floor,18750.0
700.0,2.0,2.0,2.0,150,1.0,2400000,Builder_Floor,18750.0
45.0,4.0,3.0,0.0,28,1.0,5500000,Builder_Floor,18750.0
3510.0,4.0,4.0,2.0,106,2.0,45000000,Builder_Floor,11291.5
4500.0,4.0,4.0,2.0,209,2.0,60000000,Builder_Floor,120000.0
1800.0,4.0,4.0,2.0,209,2.0,65000000,Builder_Floor,120000.0
6000.0,5.0,5.0,2.0,170,9.0,220000000,Builder_Floor,120000.0
4300.0,4.0,4.0,0.0,210,2.0,60000000,Builder_Floor,120000.0
1700.0,3.0,3.0,2.0,105,2.0,38500000,Builder_Floor,120000.0
2500.0,3.0,3.0,2.0,170,2.0,50000000,Apartment,120000.0
4500.0,4.0,4.0,2.0,209,2.0,75000000,Builder_Floor,120000.0
2450.0,4.0,4.0,1.0,106,2.0,70000000,Builder_Floor,120000.0
10350.0,4.0,7.0,2.0,170,3.0,160000000,Apartment,15459.0
4800.0,3.0,4.0,2.0,170,1.0,85000000,Builder_Floor,15459.0
1600.0,3.0,3.0,2.0,209,2.0,40000000,Apartment,15459.0
3500.0,4.0,4.0,0.0,209,2.0,90000000,Builder_Floor,15459.0
2100.0,4.0,5.0,2.0,209,2.0,56000000,Builder_Floor,15459.0
4200.0,5.0,5.0,2.0,105,2.0,135500000,Builder_Floor,15459.0
1500.0,3.0,3.0,2.0,209,2.0,60000000,Builder_Floor,15459.0
8150.0,4.0,5.0,0.0,170,4.0,170000000,Builder_Floor,15459.0
2200.0,4.0,4.0,2.0,143,2.0,50000000,Builder_Floor,15459.0
3500.0,4.0,5.0,2.0,209,2.0,58000000,Builder_Floor,15459.0
2070.0,3.0,3.0,2.0,105,2.0,37500000,Builder_Floor,15459.0
3500.0,3.0,3.0,0.0,170,1.0,45000000,Builder_Floor,15459.0
2000.0,4.0,4.0,2.0,209,3.0,70000000,Builder_Floor,15459.0
2800.0,6.0,4.0,2.0,319,2.0,29500000,Apartment,15459.0
2550.0,4.0,4.0,0.0,209,1.0,60000000,Builder_Floor,23529.0
4500.0,4.0,4.0,2.0,209,2.0,70000000,Builder_Floor,23529.0
1400.0,3.0,3.0,2.0,209,2.0,50000000,Builder_Floor,23529.0
2800.0,4.0,5.0,2.0,209,2.0,75000000,Builder_Floor,23529.0
2700.0,4.0,4.0,2.0,211,2.0,52500000,Builder_Floor,23529.0
4500.0,4.0,4.0,2.0,209,2.0,55000000,Builder_Floor,23529.0
7200.0,4.0,4.0,2.0,170,2.0,120000000,Builder_Floor,16667.0
2799.0,4.0,4.0,2.0,142,1.0,65000000,Builder_Floor,11291.5
2650.0,4.0,4.0,0.0,142,2.0,75000000,Builder_Floor,11291.5
2200.0,4.0,4.0,2.0,142,2.0,47500000,Builder_Floor,11291.5
3500.0,5.0,5.0,2.0,142,1.0,70000000,Builder_Floor,20000.0
2200.0,4.0,4.0,2.0,142,2.0,47500000,Builder_Floor,20000.0
2200.0,4.0,4.0,2.0,142,1.0,40000000,Builder_Floor,20000.0
3500.0,4.0,4.0,2.0,142,3.0,85000000,Builder_Floor,20000.0
1440.0,3.0,3.0,2.0,142,3.0,26000000,Builder_Floor,20000.0
3150.0,4.0,4.0,2.0,142,3.0,35000000,Builder_Floor,11111.0
900.0,2.0,2.0,2.0,142,3.0,20000000,Builder_Floor,11111.0
3690.0,4.0,5.0,2.0,142,3.0,79000000,Builder_Floor,21409.0
1200.0,3.0,2.0,2.0,142,3.0,17000000,Builder_Floor,21409.0
4500.0,4.0,4.0,2.0,142,2.0,47500000,Builder_Floor,95000.0
2799.0,4.0,4.0,2.0,142,2.0,43000000,Builder_Floor,15363.0
1350.0,3.0,3.0,0.0,142,1.0,26000000,Builder_Floor,19259.0
1200.0,3.0,3.0,0.0,142,1.0,25000000,Builder_Floor,20833.0
2177.0,4.0,5.0,2.0,142,2.0,51000000,Builder_Floor,20833.0
1500.0,3.0,3.0,2.0,142,2.0,40000000,Builder_Floor,20833.0
1600.0,3.0,3.0,0.0,142,1.0,22500000,Builder_Floor,20833.0
4500.0,4.0,4.0,2.0,142,1.0,70000000,Builder_Floor,20833.0
2150.0,4.0,4.0,0.0,142,2.0,45000000,Builder_Floor,20930.0
2107.0,4.0,4.0,2.0,142,2.0,51100000,Apartment,20930.0
1150.0,3.0,3.0,2.0,142,1.0,25500000,Builder_Floor,20930.0
1240.0,3.0,3.0,0.0,142,2.0,26500000,Builder_Floor,20930.0
1000.0,2.0,2.0,0.0,142,1.0,15000000,Builder_Floor,20930.0
4500.0,4.0,4.0,2.0,142,2.0,55000000,Builder_Floor,20930.0
1150.0,3.0,3.0,2.0,142,2.0,26000000,Builder_Floor,20930.0
2000.0,4.0,4.0,2.0,142,2.0,38000000,Builder_Floor,20930.0
4500.0,4.0,5.0,2.0,142,2.0,72500000,Builder_Floor,20930.0
3000.0,4.0,5.0,2.0,142,4.0,65000000,Builder_Floor,20930.0
700.0,2.0,2.0,0.0,258,1.0,4600000,Builder_Floor,11291.5
750.0,2.0,2.0,2.0,140,1.0,9200000,Builder_Floor,11291.5
1350.0,4.0,3.0,0.0,127,2.0,9500000,Apartment,11291.5
900.0,2.0,2.0,2.0,204,1.0,4500000,Builder_Floor,11291.5
970.0,3.0,2.0,2.0,23,1.0,6500000,Builder_Floor,11291.5
1000.0,3.0,2.0,1.0,275,1.0,5650000,Builder_Floor,11291.5
1425.0,3.0,3.0,2.0,204,1.0,9300000,Builder_Floor,6526.0
440.0,2.0,2.0,0.0,298,1.0,2700000,Apartment,6526.0
1017.0,2.0,2.0,1.0,341,1.0,6500000,Builder_Floor,6526.0
650.0,2.0,2.0,2.0,80,1.0,5800000,Apartment,6526.0
950.0,3.0,2.0,2.0,298,1.0,5500000,Apartment,6526.0
810.0,3.0,2.0,2.0,343,1.0,6000000,Builder_Floor,6526.0
750.0,2.0,2.0,0.0,23,1.0,4500000,Builder_Floor,6526.0
990.0,2.0,2.0,2.0,298,2.0,4100000,Builder_Floor,6526.0
800.0,3.0,2.0,2.0,258,2.0,3800000,Builder_Floor,6526.0
675.0,2.0,1.0,0.0,298,1.0,3300000,Apartment,6526.0
558.0,2.0,1.0,0.0,276,1.0,2900000,Builder_Floor,6526.0
445.0,2.0,1.0,0.0,257,1.0,2000000,Builder_Floor,6526.0
360.0,2.0,1.0,0.0,182,1.0,1550000,Builder_Floor,6526.0
1350.0,4.0,3.0,2.0,181,1.0,11300000,Builder_Floor,6526.0
850.0,3.0,2.0,2.0,118,1.0,4500000,Builder_Floor,6526.0
846.0,2.0,1.0,0.0,308,1.0,3300000,Apartment,3901.0
1300.0,4.0,3.0,1.0,181,1.0,11500000,Builder_Floor,3901.0
900.0,3.0,2.0,2.0,257,1.0,6000000,Builder_Floor,3901.0
1050.0,3.0,2.0,2.0,127,1.0,9000000,Apartment,3901.0
850.0,2.0,2.0,1.0,139,1.0,4500000,Builder_Floor,3901.0
1650.0,4.0,3.0,1.0,298,1.0,14000000,Apartment,3901.0
1150.0,2.0,2.0,2.0,6,1.0,7300000,Apartment,6347.0
495.1394,1.0,1.0,1.0,298,1.0,1900000,Builder_Floor,41304.0
1053.0,3.0,2.0,1.0,204,4.0,7000000,Builder_Floor,41304.0
810.0,3.0,2.0,2.0,343,1.0,6000000,Builder_Floor,11291.5
750.0,1.0,2.0,2.0,343,1.0,6400000,Builder_Floor,11291.5
540.0,2.0,1.0,1.0,343,1.0,2700000,Apartment,5000.0
747.0,2.0,2.0,1.0,343,1.0,6500000,Builder_Floor,8701.0
720.0,2.0,1.0,0.0,343,1.0,4000000,Builder_Floor,5556.0
376.7365,1.0,1.0,2.0,343,1.0,3000000,Apartment,85715.0
1125.0,2.0,2.0,0.0,343,1.0,5000000,Builder_Floor,4444.0
713.0,2.0,2.0,2.0,343,1.0,6000000,Builder_Floor,4444.0
360.0,1.0,1.0,0.0,343,1.0,2500000,Builder_Floor,6944.0
900.0,2.0,2.0,2.0,343,1.0,6500000,Apartment,7222.0
713.0,3.0,1.0,0.0,343,1.0,8000000,Apartment,11220.0
504.0,2.0,1.0,1.0,343,1.0,2700000,Builder_Floor,5357.0
70.0,1.0,2.0,0.0,343,1.0,4500000,Apartment,5357.0
850.0,3.0,2.0,1.0,343,1.0,5700000,Builder_Floor,6706.0
2430.0,4.0,3.0,1.0,343,1.0,25000000,Builder_Floor,10288.0
2475.0,3.0,3.0,1.0,343,1.0,70000000,Builder_Floor,28283.0
2970.0,7.0,4.0,1.0,343,1.0,26500000,Builder_Floor,8923.0
2250.0,3.0,2.0,1.0,343,1.0,18500000,Builder_Floor,8222.0
1500.0,5.0,3.0,1.0,343,1.0,30000000,Builder_Floor,20000.0
1512.0,2.0,2.0,1.0,343,1.0,22000000,Builder_Floor,14550.0
400.0,2.0,2.0,1.0,164,1.0,9000000,Builder_Floor,14550.0
2160.0,3.0,3.0,1.0,343,1.0,65000000,Builder_Floor,30093.0
630.0,3.0,2.0,1.0,343,1.0,22500000,Builder_Floor,35714.0
324.0,6.0,3.0,1.0,343,1.0,8700000,Builder_Floor,35714.0
720.0,6.0,5.0,1.0,343,1.0,22000000,Builder_Floor,35714.0
675.0,4.0,2.0,1.0,343,2.0,18500000,Builder_Floor,35714.0
700.0,2.0,1.0,1.0,343,2.0,16000000,Builder_Floor,22857.0
675.0,4.0,3.0,1.0,343,2.0,16000000,Builder_Floor,22857.0
720.0,4.0,2.0,1.0,343,2.0,9000000,Builder_Floor,12500.0
850.0,2.0,2.0,1.0,139,1.0,4500000,Builder_Floor,12500.0
801.0,3.0,2.0,2.0,167,1.0,6000000,Builder_Floor,11291.5
450.0,1.0,2.0,0.0,167,1.0,2700000,Builder_Floor,11291.5
1000.0,3.0,2.0,0.0,167,1.0,6500000,Apartment,11291.5
990.0,3.0,2.0,0.0,167,1.0,4000000,Apartment,4040.0
420.0,2.0,1.0,2.0,167,1.0,2600000,Builder_Floor,4040.0
450.0,2.0,1.0,2.0,167,1.0,3500000,Builder_Floor,7778.0
1000.0,2.0,2.0,0.0,167,1.0,7500000,Apartment,7778.0
900.0,3.0,2.0,2.0,167,1.0,7000000,Builder_Floor,7778.0
800.0,3.0,2.0,2.0,167,1.0,4500000,Builder_Floor,7778.0
720.0,3.0,3.0,2.0,167,2.0,5500000,Builder_Floor,7778.0
450.0,2.0,1.0,2.0,167,2.0,2700000,Builder_Floor,7778.0
675.0,2.0,2.0,1.0,167,2.0,2400000,Builder_Floor,32000.0
1700.0,4.0,3.0,0.0,167,2.0,11500000,Builder_Floor,32000.0
550.0,2.0,2.0,0.0,124,2.0,3600000,Builder_Floor,32000.0
387.0,1.0,2.0,0.0,124,2.0,1700000,Builder_Floor,32000.0
450.0,2.0,1.0,0.0,166,2.0,2500000,Apartment,32000.0
900.0,4.0,2.0,1.0,167,1.0,6600000,Builder_Floor,32000.0
500.0,2.0,1.0,2.0,167,1.0,3700000,Builder_Floor,32000.0
441.0,2.0,1.0,0.0,154,1.0,3500000,Apartment,32000.0
800.0,3.0,2.0,2.0,166,1.0,5400000,Builder_Floor,32000.0
450.0,2.0,2.0,2.0,168,1.0,2550000,Builder_Floor,5666.0
1000.0,3.0,3.0,1.0,168,1.0,12500000,Builder_Floor,5666.0
715.0,2.0,2.0,0.0,167,1.0,5600000,Apartment,5666.0
600.0,2.0,2.0,0.0,167,1.0,7000000,Builder_Floor,11667.0
540.0,2.0,1.0,0.0,167,1.0,3500000,Builder_Floor,11667.0
312.0,4.0,4.0,1.0,26,1.0,35000000,Apartment,112179.0
810.0,3.0,2.0,2.0,167,1.0,9000000,Builder_Floor,11111.0
270.0,1.0,1.0,2.0,124,1.0,2300000,Builder_Floor,11111.0
900.0,3.0,2.0,2.0,167,1.0,6000000,Builder_Floor,11111.0
1000.0,3.0,2.0,0.0,167,1.0,6000000,Apartment,11111.0
540.0,2.0,2.0,2.0,325,1.0,2650000,Builder_Floor,11291.5
950.0,3.0,2.0,1.0,327,1.0,4370000,Apartment,4600.0
1000.0,3.0,2.0,0.0,340,1.0,4620000,Apartment,4620.0
540.0,2.0,2.0,2.0,5,1.0,3000000,Apartment,5000.0
540.0,2.0,2.0,2.0,158,1.0,3300000,Apartment,6111.0
1000.0,3.0,2.0,2.0,222,1.0,5510000,Builder_Floor,6111.0
500.0,2.0,2.0,2.0,98,1.0,3200000,Builder_Floor,6111.0
540.0,2.0,2.0,2.0,328,1.0,2600000,Builder_Floor,6111.0
780.0,3.0,2.0,2.0,325,1.0,4000000,Builder_Floor,6111.0
450.0,2.0,1.0,2.0,328,1.0,1850000,Builder_Floor,6111.0
360.0,1.0,1.0,2.0,325,1.0,1700000,Builder_Floor,6111.0
900.0,3.0,2.0,2.0,277,1.0,2800000,Builder_Floor,6111.0
495.0,2.0,2.0,2.0,328,1.0,2150000,Builder_Floor,6111.0
1200.0,4.0,3.0,2.0,277,1.0,6800000,Builder_Floor,6111.0
1000.0,3.0,2.0,2.0,325,1.0,6200000,Builder_Floor,6111.0
620.0,2.0,2.0,2.0,325,1.0,3100000,Builder_Floor,6111.0
680.0,3.0,2.0,2.0,98,1.0,3400000,Builder_Floor,6111.0
805.0,2.0,2.0,0.0,152,1.0,4000000,Builder_Floor,6111.0
729.0,2.0,2.0,2.0,191,1.0,4800000,Builder_Floor,6584.0
540.0,2.0,2.0,2.0,325,1.0,2500000,Builder_Floor,6584.0
360.0,1.0,1.0,2.0,325,1.0,2000000,Builder_Floor,6584.0
550.0,2.0,2.0,2.0,328,1.0,1900000,Builder_Floor,6584.0
1001.0,3.0,2.0,1.0,190,1.0,5800000,Builder_Floor,5794.0
450.0,2.0,2.0,0.0,98,1.0,2900000,Builder_Floor,5794.0
550.0,2.0,1.0,2.0,328,1.0,2000000,Builder_Floor,5794.0
550.0,2.0,2.0,2.0,326,1.0,2600000,Builder_Floor,5794.0
675.0,2.0,1.0,0.0,325,1.0,2900000,Builder_Floor,5794.0
585.0,2.0,2.0,0.0,325,1.0,3200000,Builder_Floor,5794.0
810.0,3.0,2.0,2.0,215,1.0,5400000,Builder_Floor,5794.0
765.0,3.0,2.0,2.0,98,1.0,3800000,Builder_Floor,5794.0
4688.0,5.0,4.0,0.0,324,1.0,135000000,Apartment,28797.0
3901.0,4.0,4.0,0.0,324,1.0,93000000,Apartment,23840.0
70.0,2.0,3.0,1.0,230,1.0,8200000,Builder_Floor,23840.0
800.0,3.0,2.0,0.0,231,1.0,8000000,Builder_Floor,23840.0
900.0,3.0,2.0,2.0,231,1.0,9500000,Builder_Floor,23840.0
1680.0,4.0,5.0,2.0,231,1.0,20000000,Builder_Floor,23840.0
900.0,2.0,2.0,1.0,231,3.0,7400000,Builder_Floor,23840.0
2000.0,3.0,3.0,2.0,229,1.0,37500000,Apartment,23840.0
2000.0,4.0,4.0,2.0,231,3.0,15000000,Builder_Floor,7500.0
1900.0,3.0,3.0,2.0,324,1.0,55300000,Apartment,7500.0
1530.0,3.0,3.0,2.0,229,2.0,26500000,Builder_Floor,7500.0
100.0,3.0,2.0,2.0,229,2.0,16000000,Apartment,160000.0
900.0,3.0,2.0,1.0,231,2.0,10400000,Builder_Floor,11556.0
270.0,1.0,1.0,0.0,231,2.0,1700000,Builder_Floor,11556.0
950.0,2.0,2.0,2.0,231,2.0,8000000,Builder_Floor,8421.0
1800.0,3.0,3.0,2.0,229,2.0,27000000,Builder_Floor,8421.0
1500.0,3.0,3.0,2.0,231,2.0,19500000,Builder_Floor,8421.0
1800.0,3.0,3.0,1.0,229,3.0,50000000,Apartment,27778.0
1800.0,3.0,3.0,0.0,231,3.0,21100000,Builder_Floor,11722.0
2306.0,3.0,3.0,0.0,324,1.0,57000000,Apartment,24718.0
850.0,2.0,3.0,2.0,231,1.0,5900000,Builder_Floor,24718.0
140.0,3.0,2.0,0.0,250,1.0,12000000,Builder_Floor,85714.0
900.0,3.0,2.0,0.0,231,1.0,12000000,Builder_Floor,13333.0
1800.0,3.0,3.0,0.0,231,1.0,24000000,Apartment,13333.0
200.0,1.0,1.0,2.0,229,1.0,7000000,Apartment,13333.0
1782.0,3.0,3.0,2.0,229,1.0,15000000,Apartment,8418.0
900.0,2.0,2.0,1.0,24,1.0,1500000,Builder_Floor,1667.0
405.0,2.0,1.0,2.0,231,1.0,3950000,Apartment,1667.0
1500.0,3.0,3.0,0.0,231,1.0,12500000,Builder_Floor,8333.0
66.0,3.0,1.0,0.0,24,1.0,1600000,Apartment,24242.0
2000.0,4.0,4.0,0.0,64,2.0,36500000,Apartment,11291.5
1200.0,3.0,2.0,2.0,62,1.0,20000000,Apartment,11291.5
1100.0,2.0,2.0,2.0,329,1.0,15000000,Apartment,11291.5
1400.0,3.0,2.0,2.0,329,2.0,25000000,Apartment,11291.5
1600.0,3.0,2.0,2.0,63,2.0,18500000,Apartment,11291.5
1600.0,4.0,3.0,0.0,54,2.0,23500000,Apartment,11291.5
600.0,1.0,1.0,2.0,329,1.0,8000000,Apartment,11291.5
1600.0,3.0,2.0,0.0,289,1.0,23000000,Apartment,11291.5
2000.0,3.0,3.0,0.0,63,1.0,31000000,Apartment,15500.0
650.0,1.0,2.0,2.0,61,1.0,7400000,Apartment,15500.0
1100.0,2.0,2.0,0.0,329,1.0,15500000,Apartment,15500.0
1075.0,2.0,2.0,2.0,61,2.0,12000000,Apartment,15500.0
1450.0,3.0,2.0,2.0,66,2.0,23500000,Apartment,15500.0
1200.0,3.0,2.0,2.0,330,2.0,25000000,Apartment,20833.0
600.0,1.0,2.0,0.0,102,2.0,7000000,Apartment,20833.0
1000.0,2.0,2.0,0.0,63,1.0,17500000,Apartment,20833.0
1600.0,3.0,2.0,2.0,108,1.0,25000000,Apartment,20833.0
1750.0,4.0,4.0,0.0,332,1.0,29000000,Apartment,20833.0
1300.0,3.0,3.0,2.0,61,1.0,21900000,Apartment,20833.0
550.0,1.0,2.0,1.0,333,1.0,7500000,Apartment,20833.0
2200.0,4.0,3.0,2.0,65,2.0,23500000,Apartment,10681.0
1100.0,2.0,2.0,2.0,332,2.0,24000000,Apartment,21818.0
1700.0,3.0,2.0,2.0,329,2.0,31000000,Builder_Floor,21818.0
1100.0,2.0,2.0,2.0,329,3.0,16500000,Apartment,21818.0
1000.0,2.0,2.0,1.0,153,1.0,5000000,Builder_Floor,21818.0
1350.0,3.0,2.0,1.0,75,1.0,24000000,Apartment,21818.0
1184.0,2.0,2.0,2.0,108,1.0,17000000,Apartment,14358.0
2000.0,4.0,2.0,1.0,331,1.0,40000000,Apartment,14358.0
3500.0,4.0,4.0,2.0,329,5.0,22500000,Builder_Floor,14358.0
900.0,3.0,3.0,1.0,329,2.0,20000000,Builder_Floor,14358.0
4688.0,5.0,4.0,0.0,324,1.0,135000000,Apartment,28797.0
750.0,2.0,2.0,2.0,135,1.0,5000000,Apartment,6667.0
3901.0,4.0,4.0,0.0,324,1.0,93000000,Apartment,23840.0
950.0,3.0,2.0,1.0,327,1.0,4370000,Apartment,4600.0
1000.0,3.0,2.0,0.0,340,1.0,4620000,Apartment,4620.0
850.0,2.0,1.0,2.0,311,1.0,1900000,Apartment,2235.0
2400.0,4.0,4.0,2.0,104,1.0,70000000,Apartment,2235.0
1350.0,3.0,2.0,0.0,169,1.0,5130000,Apartment,3800.0
540.0,2.0,2.0,2.0,5,1.0,3000000,Apartment,5000.0
1387.0,4.0,4.0,0.0,88,1.0,5890000,Apartment,4247.0
540.0,2.0,2.0,2.0,158,1.0,3300000,Apartment,6111.0
976.0,2.0,2.0,1.0,115,1.0,24900000,Apartment,25512.0
1050.0,3.0,2.0,0.0,323,1.0,3700000,Apartment,3524.0
2700.0,4.0,3.0,2.0,0,1.0,60000000,Builder_Floor,22222.0
1500.0,3.0,2.0,0.0,157,1.0,17400000,Apartment,22222.0
2900.0,5.0,5.0,1.0,138,1.0,51000000,Builder_Floor,22222.0
5025.0,5.0,6.0,0.0,121,4.0,170000000,Builder_Floor,22222.0
1000.0,3.0,2.0,2.0,222,1.0,5510000,Builder_Floor,22222.0
1135.0,3.0,3.0,1.0,322,2.0,25000000,Apartment,22222.0
2306.0,3.0,3.0,0.0,324,1.0,57000000,Apartment,24718.0
850.0,2.0,2.0,2.0,93,1.0,2940000,Apartment,24718.0
1200.0,3.0,3.0,2.0,19,1.0,15500000,Apartment,24718.0
1700.0,3.0,2.0,2.0,318,1.0,17200000,Apartment,24718.0
1800.0,4.0,3.0,2.0,334,2.0,55000000,Builder_Floor,30556.0
1100.0,2.0,2.0,2.0,329,1.0,15000000,Apartment,30556.0
22050.0,4.0,4.0,2.0,120,2.0,51000000,Builder_Floor,30556.0
1550.0,4.0,3.0,2.0,270,1.0,13000000,Builder_Floor,30556.0
1600.0,3.0,3.0,2.0,120,1.0,30000000,Builder_Floor,18750.0
700.0,2.0,2.0,2.0,150,1.0,2400000,Builder_Floor,18750.0
45.0,4.0,3.0,0.0,28,1.0,5500000,Builder_Floor,18750.0
1250.0,2.0,1.0,2.0,52,1.0,7500000,Apartment,4444.0
504.0,3.0,1.0,2.0,297,1.0,3600000,Apartment,7143.0
65.0,3.0,2.0,2.0,300,1.0,35000000,Apartment,7143.0
450.0,2.0,1.0,0.0,297,1.0,6000000,Apartment,13333.0
1800.0,4.0,2.0,1.0,256,1.0,17500000,Builder_Floor,9722.0
1800.0,4.0,3.0,1.0,147,1.0,35000000,Builder_Floor,19444.0
1530.0,5.0,2.0,1.0,254,1.0,10200000,Builder_Floor,6667.0
1750.0,4.0,4.0,0.0,332,1.0,29000000,Apartment,6667.0
2210.0,4.0,3.0,2.0,314,1.0,41000000,Builder_Floor,6667.0
760.0,3.0,2.0,1.0,110,1.0,6000000,Builder_Floor,6667.0
400.0,2.0,1.0,1.0,155,1.0,2500000,Apartment,6667.0
380.0,1.0,1.0,0.0,110,1.0,2200000,Builder_Floor,6667.0
904.1676,2.0,2.0,1.0,320,1.0,21500000,Apartment,6667.0
900.0,4.0,1.0,1.0,302,1.0,15000000,Apartment,6667.0
810.0,5.0,6.0,1.0,110,1.0,28900000,Apartment,6667.0
100.0,3.0,2.0,0.0,110,1.0,5500000,Builder_Floor,6667.0
50.0,2.0,1.0,2.0,302,1.0,1950000,Apartment,6667.0
58.0,2.0,1.0,0.0,110,1.0,3800000,Apartment,6667.0
900.0,2.0,1.0,2.0,313,1.0,6200000,Builder_Floor,6667.0
1650.0,4.0,3.0,1.0,298,1.0,14000000,Apartment,6667.0
1000.0,2.0,2.0,0.0,167,1.0,7500000,Apartment,6667.0
852.0,2.0,2.0,0.0,299,1.0,2670000,Apartment,6667.0
700.0,2.0,2.0,2.0,298,1.0,2500000,Apartment,6667.0
990.0,3.0,2.0,0.0,167,1.0,4000000,Apartment,4040.0
450.0,2.0,1.0,2.0,167,1.0,3500000,Builder_Floor,7778.0
1000.0,2.0,2.0,0.0,167,1.0,5000000,Apartment,5000.0
1700.0,4.0,3.0,2.0,283,2.0,29500000,Builder_Floor,21071.0
1350.0,3.0,2.0,0.0,11,1.0,19000000,Builder_Floor,14074.0
2100.0,4.0,3.0,1.0,283,1.0,25500000,Apartment,14074.0
2600.0,4.0,4.0,2.0,283,3.0,75000000,Builder_Floor,28846.0
3000.0,4.0,5.0,2.0,283,4.0,75000000,Builder_Floor,28846.0
1450.0,3.0,3.0,2.0,253,1.0,34000000,Builder_Floor,28846.0
2050.0,4.0,4.0,2.0,283,1.0,47500000,Builder_Floor,28846.0
3000.0,4.0,5.0,2.0,188,3.0,75000000,Builder_Floor,28846.0
1800.0,3.0,3.0,2.0,284,2.0,23000000,Apartment,28846.0
900.0,3.0,2.0,2.0,236,1.0,24000000,Apartment,28846.0
1500.0,3.0,2.0,2.0,253,2.0,21500000,Apartment,28846.0
1500.0,3.0,2.0,2.0,283,1.0,28500000,Builder_Floor,28846.0
1800.0,4.0,4.0,2.0,241,1.0,12500000,Builder_Floor,6944.0
1674.0,3.0,3.0,0.0,283,1.0,45000000,Builder_Floor,6944.0
2025.0,4.0,3.0,1.0,283,2.0,30500000,Builder_Floor,6944.0
1300.0,3.0,3.0,2.0,283,3.0,22500000,Builder_Floor,6944.0
990.0,3.0,3.0,1.0,236,1.0,28000000,Apartment,6944.0
2100.0,3.0,4.0,2.0,283,2.0,25000000,Builder_Floor,14705.0
2250.0,4.0,4.0,2.0,283,2.0,33700000,Builder_Floor,14705.0
1500.0,3.0,3.0,2.0,283,1.0,27000000,Builder_Floor,18000.0
2700.0,4.0,4.0,2.0,283,2.0,43500000,Builder_Floor,18000.0
1700.0,3.0,3.0,2.0,253,2.0,29000000,Builder_Floor,18000.0
1700.0,3.0,3.0,2.0,283,2.0,30000000,Builder_Floor,17647.0
2050.0,4.0,4.0,2.0,283,2.0,52100000,Apartment,17647.0
1800.0,3.0,3.0,0.0,283,1.0,32500000,Builder_Floor,18055.0
1500.0,3.0,2.0,2.0,283,1.0,20500000,Apartment,18055.0
2000.0,4.0,3.0,2.0,283,1.0,25000000,Apartment,12500.0
1500.0,3.0,3.0,2.0,283,2.0,30000000,Builder_Floor,12500.0
24300.0,4.0,5.0,2.0,283,2.0,51000000,Builder_Floor,12500.0
2475.0,4.0,4.0,2.0,283,1.0,31000000,Builder_Floor,12500.0
1800.0,3.0,3.0,2.0,280,1.0,37500000,Builder_Floor,11291.5
1300.0,3.0,3.0,2.0,16,1.0,32500000,Builder_Floor,11291.5
1500.0,3.0,3.0,2.0,280,4.0,37500000,Builder_Floor,25000.0
2100.0,4.0,4.0,2.0,280,3.0,55000000,Builder_Floor,25000.0
1800.0,4.0,4.0,2.0,280,2.0,87500000,Builder_Floor,25000.0
1100.0,2.0,2.0,0.0,280,1.0,16300000,Apartment,14818.0
2035.0,4.0,4.0,0.0,280,2.0,65000000,Builder_Floor,14818.0
1100.0,3.0,3.0,0.0,281,1.0,25000000,Builder_Floor,14818.0
1550.0,3.0,3.0,2.0,280,1.0,38000000,Builder_Floor,14818.0
700.0,2.0,2.0,0.0,280,1.0,15000000,Builder_Floor,14818.0
150.0,2.0,1.0,2.0,16,1.0,2000000,Apartment,14818.0
540.0,1.0,1.0,0.0,16,1.0,3000000,Builder_Floor,14818.0
810.0,2.0,2.0,2.0,156,1.0,8500000,Builder_Floor,14818.0
3250.0,4.0,4.0,2.0,280,1.0,55000000,Builder_Floor,14818.0
1600.0,3.0,3.0,2.0,280,2.0,22500000,Builder_Floor,14818.0
4000.0,4.0,4.0,2.0,280,1.0,72500000,Builder_Floor,14818.0
5500.0,6.0,7.0,1.0,280,1.0,160000000,Apartment,14818.0
900.0,3.0,3.0,2.0,156,1.0,12500000,Builder_Floor,14818.0
972.0,2.0,2.0,2.0,280,1.0,17000000,Apartment,14818.0
4150.0,4.0,4.0,0.0,280,3.0,82500000,Builder_Floor,14818.0
2250.0,4.0,5.0,2.0,280,2.0,55000000,Builder_Floor,14818.0
1650.0,3.0,3.0,2.0,280,1.0,35000000,Builder_Floor,14818.0
2610.0,4.0,4.0,2.0,281,2.0,42500000,Builder_Floor,14818.0
600.0,2.0,2.0,2.0,16,1.0,4700000,Builder_Floor,14818.0
1700.0,4.0,5.0,0.0,280,2.0,52500000,Builder_Floor,14818.0
2250.0,4.0,4.0,2.0,280,3.0,80000000,Builder_Floor,14818.0
880.0,3.0,2.0,0.0,16,1.0,11000000,Builder_Floor,14818.0
4200.0,4.0,5.0,2.0,280,3.0,74000000,Builder_Floor,14818.0
1450.0,3.0,3.0,2.0,280,1.0,37500000,Builder_Floor,14818.0
2200.0,4.0,4.0,2.0,281,3.0,52500000,Builder_Floor,23863.0
1620.0,3.0,3.0,2.0,259,1.0,26000000,Builder_Floor,11291.5
1078.0,3.0,2.0,0.0,223,1.0,15500000,Builder_Floor,11291.5
1710.0,3.0,3.0,0.0,251,1.0,22000000,Builder_Floor,11291.5
1150.0,3.0,3.0,2.0,226,1.0,21000000,Builder_Floor,11291.5
450.0,2.0,2.0,2.0,228,1.0,5000000,Builder_Floor,11291.5
1818.0,3.0,3.0,0.0,223,1.0,22000000,Builder_Floor,11291.5
1800.0,3.0,2.0,0.0,227,1.0,26500000,Builder_Floor,14722.0
780.0,2.0,2.0,0.0,223,1.0,8770000,Builder_Floor,14722.0
405.0,1.0,1.0,2.0,72,1.0,4500000,Apartment,14722.0
900.0,2.0,3.0,2.0,223,1.0,8500000,Apartment,14722.0
807.2925,2.0,2.0,0.0,15,1.0,8600000,Apartment,14722.0
2700.0,4.0,3.0,2.0,125,1.0,42500000,Builder_Floor,14722.0
1100.0,3.0,2.0,2.0,223,2.0,13100000,Apartment,14722.0
585.0,2.0,2.0,0.0,228,2.0,7000000,Apartment,14722.0
2152.78,3.0,3.0,1.0,189,2.0,30000000,Builder_Floor,14722.0
960.0,2.0,2.0,2.0,203,2.0,13000000,Apartment,14722.0
1800.0,4.0,3.0,0.0,225,2.0,23100000,Builder_Floor,14722.0
1100.0,3.0,2.0,2.0,223,1.0,16000000,Apartment,14722.0
900.0,2.0,2.0,0.0,223,1.0,12500000,Builder_Floor,13889.0
1620.0,3.0,3.0,1.0,159,1.0,24500000,Builder_Floor,13889.0
378.0,1.0,1.0,0.0,228,1.0,3200000,Apartment,13889.0
800.0,3.0,2.0,0.0,72,1.0,6300000,Apartment,7875.0
1350.0,3.0,3.0,2.0,251,1.0,15000000,Builder_Floor,11111.0
850.0,3.0,3.0,0.0,224,1.0,5700000,Apartment,11111.0
1580.0,3.0,2.0,1.0,310,1.0,21000000,Apartment,11111.0
820.0,2.0,3.0,0.0,223,1.0,7500000,Apartment,11111.0
594.0,2.0,1.0,2.0,20,1.0,6500000,Apartment,10943.0
14220.0,3.0,3.0,2.0,227,1.0,27500000,Builder_Floor,10943.0
800.0,3.0,2.0,0.0,125,1.0,12000000,Builder_Floor,10943.0
1500.0,3.0,2.0,2.0,317,2.0,18000000,Apartment,10943.0
1600.0,3.0,3.0,2.0,18,1.0,15600000,Apartment,11291.5
1650.0,3.0,3.0,2.0,255,1.0,15500000,Apartment,11291.5
1600.0,3.0,3.0,2.0,255,1.0,15200000,Apartment,11291.5
1900.0,3.0,3.0,1.0,117,1.0,25000000,Apartment,11291.5
1400.0,3.0,2.0,1.0,38,1.0,15000000,Apartment,11291.5
1550.0,3.0,2.0,2.0,25,1.0,15800000,Apartment,11291.5
2000.0,4.0,3.0,1.0,192,1.0,31500000,Apartment,11291.5
1500.0,3.0,3.0,2.0,25,1.0,14000000,Apartment,11291.5
1550.0,3.0,2.0,2.0,1,1.0,13200000,Apartment,11291.5
1600.0,3.0,2.0,2.0,25,1.0,15800000,Apartment,11291.5
1600.0,3.0,3.0,0.0,282,1.0,16200000,Apartment,11291.5
1800.0,3.0,2.0,2.0,252,1.0,15500000,Apartment,11291.5
1470.0,3.0,2.0,2.0,1,1.0,14500000,Apartment,11291.5
1500.0,3.0,2.0,2.0,1,1.0,14900000,Apartment,11291.5
1750.0,3.0,3.0,1.0,123,1.0,17200000,Apartment,11291.5
1650.0,3.0,3.0,1.0,132,1.0,18000000,Apartment,11291.5
1850.0,3.0,2.0,2.0,1,1.0,15500000,Apartment,11291.5
1480.0,3.0,2.0,1.0,25,1.0,15800000,Apartment,11291.5
1214.0,2.0,2.0,1.0,87,1.0,12600000,Apartment,11291.5
1380.0,3.0,2.0,2.0,1,1.0,15000000,Apartment,11291.5
1600.0,4.0,2.0,1.0,286,1.0,19500000,Apartment,11291.5
1585.0,3.0,3.0,2.0,294,1.0,16600000,Apartment,11291.5
1700.0,3.0,3.0,2.0,1,1.0,17200000,Apartment,11291.5
1200.0,2.0,2.0,2.0,220,1.0,13000000,Apartment,11291.5
1800.0,4.0,3.0,2.0,205,1.0,16500000,Apartment,11291.5
1000.0,2.0,2.0,2.0,141,1.0,10700000,Apartment,10700.0
1500.0,3.0,2.0,1.0,212,1.0,16200000,Apartment,10700.0
1700.0,3.0,2.0,1.0,123,1.0,16500000,Apartment,10700.0
1750.0,3.0,2.0,1.0,218,1.0,14900000,Apartment,10700.0
2700.0,4.0,3.0,1.0,278,1.0,27500000,Apartment,10700.0
3050.0,5.0,6.0,2.0,49,1.0,62500000,Apartment,20492.0
3405.0,5.0,5.0,2.0,48,3.0,70000000,Apartment,20558.0
1500.0,3.0,3.0,2.0,49,3.0,35500000,Apartment,20558.0
2105.0,3.0,3.0,0.0,48,3.0,42100000,Apartment,20558.0
2500.0,4.0,5.0,2.0,237,3.0,42500000,Apartment,17000.0
2090.0,3.0,4.0,2.0,48,2.0,44000000,Apartment,21052.0
2525.0,4.0,5.0,2.0,238,3.0,43200000,Apartment,21052.0
2500.0,4.0,4.0,2.0,238,2.0,52500000,Apartment,21000.0
2100.0,3.0,4.0,1.0,48,2.0,34300000,Apartment,16333.0
2022.0,3.0,3.0,2.0,237,2.0,38000000,Apartment,18793.0
2650.0,4.0,5.0,1.0,49,2.0,52500000,Apartment,19811.0
1850.0,3.0,3.0,0.0,48,2.0,37500000,Apartment,20270.0
2100.0,3.0,3.0,2.0,48,2.0,37000000,Apartment,17619.0
1700.0,3.0,4.0,2.0,49,2.0,40000000,Apartment,17619.0
2105.0,3.0,3.0,2.0,48,2.0,36200000,Apartment,17197.0
1250.0,2.0,3.0,2.0,48,1.0,29000000,Apartment,17197.0
2552.0,4.0,5.0,1.0,238,3.0,42500000,Apartment,16654.0
3112.0,5.0,6.0,2.0,49,3.0,60000000,Apartment,19280.0
2125.0,3.0,3.0,2.0,238,2.0,36500000,Apartment,17176.0
2065.0,3.0,4.0,2.0,48,2.0,42500000,Apartment,20581.0
3405.0,5.0,4.0,2.0,48,3.0,71500000,Apartment,20999.0
3050.0,5.0,5.0,2.0,48,3.0,65000000,Apartment,21311.0
2300.0,5.0,6.0,2.0,48,3.0,58000000,Apartment,21311.0
1455.0,2.0,2.0,2.0,49,2.0,27500000,Apartment,18900.0
3400.0,5.0,5.0,2.0,238,3.0,70000000,Apartment,20588.0
3100.0,5.0,5.0,2.0,48,3.0,65000000,Apartment,20967.0
1400.0,2.0,3.0,0.0,48,3.0,28600000,Apartment,20967.0
2126.0,3.0,3.0,2.0,48,2.0,39000000,Apartment,18344.0
1815.0,3.0,3.0,2.0,49,2.0,32500000,Apartment,17906.0
1700.0,3.0,3.0,0.0,238,2.0,34000000,Apartment,17906.0
700.0,2.0,2.0,0.0,7,1.0,16500000,Apartment,11291.5
980.0,2.0,2.0,2.0,306,2.0,13800000,Apartment,11291.5
1350.0,3.0,3.0,2.0,200,2.0,21000000,Apartment,11291.5
1800.0,3.0,3.0,2.0,109,2.0,22500000,Apartment,11291.5
968.751,2.0,2.0,2.0,13,2.0,15000000,Apartment,11291.5
1250.0,3.0,3.0,2.0,200,2.0,20000000,Apartment,11291.5
1800.0,3.0,3.0,1.0,13,2.0,20000000,Apartment,11291.5
1400.0,3.0,2.0,2.0,306,2.0,26000000,Builder_Floor,11291.5
1000.0,3.0,3.0,2.0,200,2.0,19500000,Apartment,11291.5
1800.0,4.0,2.0,2.0,321,1.0,21500000,Apartment,11291.5
1500.0,3.0,3.0,0.0,7,1.0,26500000,Apartment,11291.5
1600.0,3.0,3.0,2.0,200,2.0,20000000,Apartment,12500.0
1400.0,3.0,3.0,1.0,200,1.0,18000000,Apartment,12500.0
1400.0,3.0,2.0,0.0,7,1.0,19000000,Apartment,12500.0
2700.0,4.0,4.0,0.0,122,2.0,36500000,Builder_Floor,12500.0
1100.0,2.0,2.0,0.0,7,2.0,15000000,Apartment,12500.0
1200.0,2.0,2.0,2.0,7,2.0,17500000,Apartment,12500.0
1400.0,2.0,2.0,2.0,7,2.0,14000000,Apartment,12500.0
1500.0,3.0,3.0,2.0,239,2.0,21000000,Apartment,12500.0
1320.0,3.0,2.0,0.0,7,2.0,15600000,Apartment,12500.0
1300.0,3.0,3.0,0.0,240,2.0,19000000,Apartment,12500.0
1150.0,2.0,2.0,0.0,200,1.0,16500000,Apartment,12500.0
1440.0,3.0,3.0,0.0,7,1.0,19000000,Apartment,12500.0
1400.0,2.0,2.0,0.0,216,1.0,16500000,Apartment,12500.0
450.0,1.0,1.0,2.0,7,1.0,3000000,Builder_Floor,12500.0
1300.0,2.0,2.0,2.0,342,1.0,15000000,Apartment,11538.0
1200.0,2.0,2.0,0.0,216,1.0,14300000,Apartment,11538.0
1300.0,3.0,2.0,0.0,216,1.0,18500000,Apartment,11538.0
1400.0,3.0,3.0,1.0,321,1.0,19000000,Apartment,11538.0
1400.0,3.0,3.0,2.0,7,1.0,19000000,Apartment,11538.0
1600.0,4.0,2.0,2.0,68,2.0,15800000,Apartment,11291.5
1200.0,10.0,4.0,2.0,59,2.0,17000000,Apartment,11291.5
1600.0,4.0,2.0,2.0,67,1.0,15500000,Apartment,11291.5
1250.0,3.0,2.0,2.0,59,2.0,16000000,Apartment,11291.5
950.0,2.0,2.0,1.0,59,2.0,12900000,Apartment,11291.5
1200.0,3.0,3.0,1.0,59,2.0,13500000,Apartment,11291.5
1400.0,4.0,2.0,1.0,59,2.0,17800000,Apartment,11291.5
950.0,2.0,2.0,1.0,59,2.0,13200000,Apartment,11291.5
1350.0,3.0,3.0,2.0,59,2.0,14000000,Apartment,11291.5
1550.0,4.0,2.0,1.0,59,2.0,17500000,Apartment,11291.5
1300.0,3.0,2.0,2.0,59,2.0,17000000,Apartment,11291.5
1000.0,2.0,2.0,1.0,58,2.0,13000000,Apartment,11291.5
1500.0,3.0,3.0,1.0,58,2.0,17000000,Apartment,11291.5
950.0,2.0,2.0,1.0,59,2.0,12700000,Apartment,11291.5
1200.0,3.0,2.0,1.0,59,2.0,13500000,Apartment,11291.5
1400.0,4.0,2.0,1.0,59,2.0,17400000,Apartment,11291.5
1500.0,4.0,2.0,1.0,59,2.0,17800000,Apartment,11291.5
1050.0,2.0,2.0,1.0,59,2.0,12700000,Apartment,11291.5
1550.0,4.0,2.0,1.0,59,2.0,16200000,Apartment,11291.5
950.0,2.0,2.0,1.0,59,2.0,11100000,Apartment,11291.5
1150.0,2.0,2.0,1.0,59,2.0,13600000,Apartment,11291.5
1150.0,2.0,2.0,1.0,58,2.0,13100000,Apartment,11291.5
1150.0,2.0,2.0,1.0,59,2.0,12500000,Apartment,11291.5
1500.0,3.0,2.0,1.0,59,2.0,13600000,Apartment,11291.5
1800.0,4.0,4.0,1.0,312,2.0,12000000,Apartment,6667.0
1300.0,3.0,3.0,1.0,312,1.0,20000000,Apartment,15384.0
1150.0,2.0,2.0,0.0,290,1.0,13500000,Apartment,15384.0
1500.0,3.0,2.0,0.0,291,1.0,14000000,Apartment,15384.0
1150.0,2.0,2.0,2.0,67,2.0,10800000,Apartment,15384.0
900.0,3.0,2.0,2.0,213,1.0,9000000,Builder_Floor,11291.5
1150.0,3.0,2.0,2.0,213,1.0,6300000,Builder_Floor,11291.5
1000.0,3.0,3.0,2.0,316,1.0,5500000,Apartment,11291.5
450.0,1.0,1.0,2.0,213,1.0,2350000,Apartment,5222.0
1350.0,3.0,3.0,2.0,315,1.0,8500000,Apartment,5222.0
445.0,1.0,2.0,2.0,316,1.0,1650000,Apartment,5222.0
1200.0,2.0,2.0,2.0,180,1.0,10000000,Apartment,8333.0
50.0,1.0,1.0,0.0,133,1.0,1500000,Builder_Floor,8333.0
1100.0,2.0,2.0,2.0,315,1.0,2800000,Builder_Floor,8333.0
700.0,2.0,2.0,2.0,316,1.0,2600000,Builder_Floor,3714.0
500.0,1.0,1.0,1.0,213,1.0,2350000,Builder_Floor,3714.0
540.0,1.0,1.0,0.0,316,1.0,2350000,Apartment,3714.0
450.0,1.0,1.0,0.0,315,1.0,2000000,Builder_Floor,3714.0
800.0,2.0,2.0,2.0,315,1.0,5000000,Builder_Floor,3714.0
700.0,2.0,2.0,2.0,213,1.0,3500000,Builder_Floor,3714.0
750.0,2.0,2.0,2.0,315,1.0,4500000,Builder_Floor,3714.0
750.0,2.0,2.0,0.0,315,1.0,4000000,Builder_Floor,3714.0
1600.0,3.0,3.0,0.0,213,1.0,10800000,Builder_Floor,3714.0
1000.0,3.0,2.0,0.0,213,1.0,10000000,Builder_Floor,3714.0
1600.0,3.0,3.0,0.0,213,1.0,10800000,Builder_Floor,3714.0
900.0,3.0,2.0,2.0,180,1.0,9000000,Builder_Floor,3714.0
1700.0,3.0,3.0,2.0,213,1.0,8500000,Apartment,3714.0
1100.0,3.0,2.0,2.0,213,1.0,6000000,Builder_Floor,3714.0
1000.0,3.0,3.0,2.0,213,1.0,5500000,Apartment,3714.0
1000.0,3.0,2.0,2.0,180,1.0,7000000,Builder_Floor,7000.0
1100.0,3.0,2.0,1.0,315,1.0,6000000,Apartment,5455.0
765.0,3.0,2.0,0.0,180,1.0,3700000,Builder_Floor,4837.0
900.0,2.0,2.0,2.0,133,1.0,3100000,Builder_Floor,3444.0
600.0,2.0,2.0,0.0,315,1.0,4500000,Apartment,3444.0
360.0,1.0,1.0,2.0,133,1.0,1500000,Builder_Floor,4167.0
950.0,3.0,2.0,2.0,40,1.0,7090000,Builder_Floor,11291.5
3600.0,2.0,2.0,2.0,41,1.0,4500000,Builder_Floor,11291.5
1305.0,4.0,3.0,0.0,136,1.0,5500000,Builder_Floor,11291.5
1800.0,3.0,4.0,2.0,40,2.0,63000000,Apartment,11291.5
950.0,3.0,2.0,2.0,40,2.0,6990000,Builder_Floor,11291.5
800.0,2.0,2.0,2.0,40,1.0,4400000,Apartment,11291.5
1800.0,4.0,4.0,2.0,42,1.0,12500000,Builder_Floor,11291.5
800.0,2.0,2.0,2.0,40,1.0,3000000,Builder_Floor,11291.5
675.0,2.0,2.0,2.0,40,1.0,2800000,Builder_Floor,11291.5
1175.0,3.0,3.0,0.0,136,4.0,5000000,Builder_Floor,11291.5
1500.0,3.0,3.0,0.0,40,4.0,6000000,Builder_Floor,11291.5
810.0,2.0,2.0,0.0,40,4.0,4500000,Apartment,11291.5
630.0,2.0,2.0,0.0,42,1.0,2800000,Apartment,11291.5
650.0,2.0,2.0,2.0,40,1.0,2500000,Builder_Floor,11291.5
1800.0,4.0,4.0,2.0,42,1.0,8500000,Builder_Floor,11291.5
725.0,2.0,2.0,1.0,40,1.0,3000000,Apartment,4138.0
900.0,3.0,2.0,2.0,40,1.0,4900000,Builder_Floor,4138.0
750.0,2.0,2.0,0.0,40,1.0,3500000,Builder_Floor,4138.0
700.0,2.0,2.0,2.0,42,1.0,3000000,Builder_Floor,4138.0
950.0,3.0,2.0,2.0,40,1.0,7020000,Builder_Floor,4138.0
1600.0,3.0,4.0,0.0,84,1.0,60000000,Apartment,4138.0
900.0,2.0,2.0,2.0,40,1.0,3500000,Builder_Floor,4138.0
1500.0,3.0,3.0,2.0,40,1.0,7000000,Builder_Floor,4138.0
500.0,2.0,1.0,2.0,42,2.0,7000000,Apartment,4138.0
1035.0,3.0,3.0,2.0,42,1.0,4500000,Builder_Floor,4138.0
825.0,3.0,2.0,2.0,14,1.0,5990000,Builder_Floor,4138.0
1300.0,3.0,3.0,2.0,40,1.0,4400000,Builder_Floor,4138.0
765.0,2.0,2.0,0.0,40,4.0,2500000,Builder_Floor,4138.0
580.0,1.0,1.0,2.0,42,1.0,1600000,Builder_Floor,4138.0
1750.0,3.0,3.0,2.0,42,1.0,6500000,Builder_Floor,4138.0
650.0,2.0,2.0,2.0,186,1.0,2750000,Apartment,11291.5
405.0,1.0,1.0,2.0,186,1.0,1500000,Apartment,11291.5
675.0,2.0,1.0,0.0,186,1.0,2200000,Builder_Floor,3259.0
850.0,2.0,2.0,2.0,186,1.0,2800000,Apartment,3294.0
800.0,3.0,3.0,2.0,186,1.0,4500000,Apartment,3294.0
405.0,1.0,1.0,1.0,186,1.0,1800000,Apartment,3294.0
1350.0,3.0,3.0,0.0,186,1.0,8500000,Builder_Floor,3294.0
1350.0,3.0,3.0,0.0,186,1.0,8500000,Apartment,3294.0
450.0,1.0,1.0,0.0,186,1.0,1700000,Builder_Floor,3294.0
1300.0,3.0,3.0,2.0,186,2.0,7000000,Builder_Floor,3294.0
1050.0,3.0,2.0,0.0,186,2.0,5600000,Builder_Floor,3294.0
1675.0,4.0,3.0,1.0,186,2.0,13500000,Builder_Floor,8060.0
1250.0,3.0,3.0,0.0,186,2.0,8500000,Builder_Floor,8060.0
1080.0,3.0,3.0,0.0,186,5.0,6000000,Apartment,8060.0
1170.0,3.0,3.0,0.0,9,5.0,7200000,Builder_Floor,8060.0
1250.0,3.0,2.0,2.0,187,1.0,6500000,Apartment,8060.0
1500.0,3.0,3.0,2.0,9,1.0,8400000,Apartment,8060.0
1350.0,3.0,3.0,0.0,186,1.0,8500000,Apartment,8060.0
855.0,2.0,2.0,2.0,186,1.0,4000000,Builder_Floor,4678.0
540.0,1.0,1.0,0.0,186,1.0,1700000,Builder_Floor,3148.0
1044.0983,3.0,2.0,0.0,186,1.0,6000000,Builder_Floor,3148.0
405.0,1.0,1.0,2.0,186,1.0,1600000,Apartment,3148.0
500.0,1.0,2.0,2.0,186,1.0,2100000,Apartment,4200.0
450.0,1.0,1.0,1.0,186,1.0,1700000,Apartment,3778.0
405.0,1.0,1.0,0.0,9,1.0,1500000,Apartment,3778.0
405.0,1.0,1.0,0.0,186,1.0,1200000,Builder_Floor,2963.0
450.0,1.0,1.0,0.0,32,1.0,1650000,Apartment,3667.0
173.0,2.0,2.0,0.0,186,1.0,3500000,Builder_Floor,3667.0
1100.0,3.0,2.0,0.0,186,1.0,8500000,Builder_Floor,7727.0
600.0,2.0,2.0,0.0,186,1.0,3200000,Builder_Floor,5333.0
800.0,3.0,2.0,2.0,171,1.0,4400000,Builder_Floor,11291.5
990.0,4.0,3.0,0.0,172,1.0,7200000,Builder_Floor,11291.5
1100.0,3.0,2.0,2.0,172,1.0,7500000,Builder_Floor,11291.5
1100.0,3.0,2.0,0.0,171,1.0,6500000,Apartment,11291.5
527.0,2.0,2.0,2.0,172,1.0,3500000,Builder_Floor,11291.5
1000.0,2.0,2.0,2.0,172,1.0,6500000,Builder_Floor,11291.5
1000.0,3.0,2.0,2.0,172,1.0,6200000,Builder_Floor,11291.5
450.0,1.0,1.0,2.0,172,1.0,2500000,Builder_Floor,11291.5
600.0,2.0,2.0,2.0,171,1.0,3000000,Apartment,11291.5
950.0,3.0,2.0,1.0,172,1.0,6000000,Builder_Floor,11291.5
855.0,3.0,2.0,0.0,172,1.0,4800000,Apartment,11291.5
770.0,2.0,2.0,2.0,171,1.0,3790000,Builder_Floor,4922.0
810.0,3.0,2.0,2.0,171,1.0,4200000,Apartment,4922.0
710.0,2.0,2.0,0.0,171,1.0,2900000,Apartment,4922.0
950.0,3.0,2.0,0.0,172,1.0,5000000,Builder_Floor,4922.0
450.0,1.0,1.0,2.0,172,1.0,2100000,Builder_Floor,4922.0
500.0,2.0,2.0,2.0,172,1.0,3200000,Apartment,4922.0
600.0,2.0,1.0,2.0,172,1.0,3000000,Apartment,4922.0
420.0,1.0,1.0,0.0,172,1.0,2300000,Builder_Floor,4922.0
900.0,3.0,2.0,2.0,172,1.0,5900000,Builder_Floor,6556.0
945.0,3.0,2.0,2.0,172,1.0,5500000,Apartment,5820.0
565.0,2.0,2.0,0.0,171,1.0,3500000,Builder_Floor,5820.0
450.0,2.0,1.0,2.0,173,1.0,1700000,Apartment,3778.0
430.0,1.0,1.0,0.0,171,1.0,1850000,Builder_Floor,3778.0
550.0,2.0,2.0,0.0,171,1.0,2300000,Builder_Floor,3778.0
810.0,3.0,2.0,1.0,171,1.0,3800000,Builder_Floor,42222.0
720.0,3.0,2.0,2.0,172,1.0,4500000,Builder_Floor,42222.0
360.0,2.0,1.0,2.0,336,1.0,2200000,Apartment,42222.0
820.0,3.0,2.0,2.0,171,1.0,5200000,Builder_Floor,42222.0
459.0,2.0,2.0,2.0,173,1.0,2200000,Builder_Floor,43137.0
378.0,1.0,2.0,0.0,197,2.0,1500000,Apartment,11291.5
450.0,1.0,1.0,1.0,56,2.0,2200000,Apartment,4889.0
900.0,2.0,2.0,2.0,53,2.0,3800000,Apartment,4222.0
360.0,1.0,1.0,0.0,69,1.0,1800000,Apartment,5000.0
559.7228,2.0,2.0,1.0,195,3.0,2850000,Apartment,5092.0
350.0,1.0,1.0,0.0,195,3.0,2500000,Apartment,7143.0
365.0,1.0,1.0,0.0,195,39.0,3500000,Apartment,7143.0
390.0,1.0,1.0,0.0,71,39.0,2000000,Apartment,5128.0
350.0,1.0,1.0,0.0,55,39.0,3000000,Apartment,5128.0
210.0,1.0,1.0,2.0,71,39.0,2000000,Apartment,5128.0
50.0,1.0,1.0,0.0,71,39.0,3500000,Apartment,5128.0
500.0,1.0,1.0,0.0,77,39.0,1800000,Apartment,3600.0
350.0,1.0,1.0,0.0,71,39.0,1600000,Apartment,4571.0
379.0,1.0,1.0,0.0,71,1.0,1600000,Builder_Floor,4221.0
236.8058,1.0,1.0,0.0,195,1.0,2000000,Apartment,4221.0
445.0,1.0,1.0,0.0,196,1.0,1500000,Apartment,4221.0
452.0838,2.0,1.0,1.0,56,1.0,3000000,Apartment,6636.0
350.0,1.0,1.0,0.0,195,1.0,1490000,Apartment,4270.0
437.0,1.0,1.0,1.0,71,1.0,3500000,Apartment,4270.0
61.0,3.0,3.0,0.0,31,1.0,4000000,Apartment,4270.0
495.0,2.0,2.0,0.0,195,1.0,1750000,Builder_Floor,4270.0
900.0,2.0,2.0,0.0,199,1.0,4600000,Apartment,4270.0
350.0,1.0,1.0,2.0,71,1.0,1800000,Builder_Floor,5143.0
585.0,2.0,2.0,0.0,195,1.0,1900000,Builder_Floor,3248.0
198.0,1.0,1.0,1.0,198,1.0,1000000,Apartment,5051.0
4900.0,1.0,1.0,0.0,71,1.0,1000000,Apartment,5051.0
2077.4327,1.0,1.0,0.0,55,1.0,1000000,Builder_Floor,5051.0
50.0,1.0,1.0,2.0,71,1.0,3500000,Apartment,5051.0
990.0,3.0,2.0,1.0,195,1.0,5000000,Builder_Floor,5051.0
425.0,1.0,1.0,0.0,195,1.0,2200000,Apartment,5176.0
750.0,2.0,2.0,0.0,175,1.0,13000000,Builder_Floor,11291.5
1400.0,3.0,3.0,2.0,307,2.0,34000000,Builder_Floor,11291.5
3600.0,4.0,4.0,2.0,112,3.0,60000000,Builder_Floor,11291.5
3000.0,4.0,5.0,2.0,112,4.0,74500000,Builder_Floor,11291.5
2750.0,4.0,5.0,0.0,112,2.0,75000000,Builder_Floor,11291.5
2050.0,4.0,4.0,2.0,112,2.0,62500000,Builder_Floor,11291.5
3000.0,4.0,4.0,0.0,111,2.0,67000000,Builder_Floor,14888.0
850.0,2.0,2.0,0.0,175,2.0,8500000,Builder_Floor,14888.0
750.0,2.0,2.0,0.0,175,2.0,11500000,Builder_Floor,14888.0
2600.0,4.0,5.0,2.0,111,3.0,52500000,Builder_Floor,14888.0
800.0,2.0,2.0,2.0,175,1.0,12000000,Builder_Floor,14888.0
550.0,2.0,2.0,2.0,175,2.0,10700000,Builder_Floor,14888.0
700.0,2.0,2.0,2.0,175,1.0,9000000,Apartment,14888.0
2316.0,3.0,4.0,1.0,112,1.0,100000000,Builder_Floor,14888.0
900.0,3.0,2.0,2.0,151,1.0,6200000,Apartment,14888.0
100.0,3.0,2.0,2.0,175,1.0,17000000,Builder_Floor,14888.0
900.0,2.0,3.0,2.0,176,2.0,12500000,Builder_Floor,14888.0
1500.0,2.0,2.0,2.0,175,3.0,13000000,Builder_Floor,14888.0
650.0,3.0,2.0,0.0,151,3.0,4200000,Builder_Floor,14888.0
2000.0,4.0,4.0,2.0,175,2.0,36000000,Builder_Floor,14888.0
500.0,1.0,1.0,0.0,175,2.0,2300000,Apartment,14888.0
1125.0,2.0,2.0,0.0,175,2.0,8100000,Builder_Floor,7200.0
1300.0,3.0,3.0,2.0,175,1.0,10000000,Builder_Floor,7200.0
2500.0,4.0,5.0,0.0,112,1.0,62500000,Builder_Floor,7200.0
2200.0,4.0,5.0,2.0,112,2.0,65000000,Builder_Floor,7200.0
1290.0,3.0,2.0,2.0,175,2.0,20000000,Builder_Floor,7200.0
2250.0,4.0,4.0,2.0,112,2.0,57500000,Builder_Floor,7200.0
1350.0,3.0,3.0,2.0,307,2.0,30000000,Builder_Floor,7200.0
1400.0,3.0,3.0,2.0,307,1.0,30000000,Builder_Floor,21429.0
1700.0,3.0,3.0,0.0,307,2.0,30000000,Builder_Floor,21429.0
450.0,1.0,1.0,0.0,94,1.0,3300000,Apartment,11291.5
750.0,2.0,1.0,0.0,126,1.0,7350000,Apartment,11291.5
1500.0,4.0,1.0,0.0,96,1.0,12500000,Apartment,11291.5
400.0,1.0,1.0,2.0,94,1.0,3500000,Apartment,11291.5
650.0,2.0,2.0,0.0,94,1.0,6500000,Builder_Floor,11291.5
900.0,2.0,2.0,1.0,94,2.0,6900000,Builder_Floor,7666.0
400.0,1.0,1.0,0.0,94,1.0,3600000,Builder_Floor,7666.0
900.0,3.0,2.0,2.0,94,2.0,13500000,Apartment,7666.0
1000.0,3.0,2.0,1.0,51,1.0,9200000,Apartment,9200.0
405.0,1.0,1.0,0.0,94,1.0,2500000,Apartment,9200.0
1700.0,3.0,2.0,1.0,51,1.0,17000000,Apartment,9200.0
800.0,3.0,2.0,2.0,95,1.0,9030000,Apartment,9200.0
1076.39,3.0,2.0,0.0,94,10.0,9300000,Builder_Floor,8640.0
750.0,2.0,1.0,2.0,79,2.0,6500000,Apartment,8640.0
460.0,2.0,1.0,0.0,94,2.0,3300000,Builder_Floor,8640.0
370.0,1.0,1.0,0.0,94,2.0,2400000,Builder_Floor,6486.0
1800.0,3.0,3.0,2.0,94,1.0,15000000,Builder_Floor,8333.0
1080.0,3.0,1.0,0.0,95,1.0,7000000,Apartment,8333.0
350.0,1.0,1.0,0.0,76,1.0,4200000,Apartment,12000.0
500.0,2.0,1.0,1.0,95,1.0,5800000,Apartment,12000.0
900.0,3.0,2.0,2.0,94,1.0,4800000,Apartment,12000.0
800.0,2.0,2.0,2.0,94,1.0,7500000,Apartment,9375.0
350.0,1.0,1.0,0.0,57,1.0,3000000,Apartment,9375.0
430.556,1.0,1.0,0.0,95,1.0,4300000,Apartment,9375.0
500.0,1.0,1.0,2.0,94,1.0,2600000,Builder_Floor,5200.0
1450.0,2.0,2.0,0.0,95,1.0,7000000,Apartment,5200.0
800.0,2.0,2.0,0.0,94,1.0,6000000,Builder_Floor,7500.0
1000.0,2.0,2.0,2.0,94,1.0,6700000,Apartment,6700.0
1000.0,3.0,3.0,1.0,78,1.0,9500000,Apartment,9500.0
1600.0,3.0,2.0,2.0,51,1.0,17000000,Apartment,10625.0
900.0,2.0,2.0,2.0,335,1.0,8000000,Apartment,11291.5
1500.0,3.0,3.0,2.0,335,1.0,12000000,Apartment,11291.5
1050.0,2.0,2.0,2.0,335,1.0,9000000,Apartment,11291.5
1300.0,3.0,2.0,2.0,285,2.0,11500000,Apartment,11291.5
1600.0,4.0,3.0,1.0,179,1.0,20000000,Apartment,11291.5
900.0,2.0,2.0,2.0,235,1.0,8550000,Apartment,11291.5
1350.0,4.0,4.0,2.0,2,1.0,10500000,Apartment,11291.5
1000.0,3.0,2.0,1.0,103,2.0,12000000,Apartment,11291.5
1400.0,3.0,2.0,0.0,301,1.0,11000000,Apartment,11291.5
975.0,3.0,2.0,2.0,335,1.0,12000000,Apartment,11291.5
900.0,2.0,2.0,0.0,178,114.0,9000000,Apartment,11291.5
1100.0,2.0,2.0,2.0,335,114.0,10000000,Apartment,11291.5
950.0,2.0,2.0,0.0,335,114.0,8100000,Apartment,11291.5
1300.0,3.0,3.0,1.0,335,1.0,9200000,Apartment,11291.5
1459.0,3.0,3.0,2.0,335,1.0,14200000,Apartment,11291.5
1000.0,2.0,2.0,2.0,295,1.0,7500000,Apartment,11291.5
1100.0,2.0,2.0,2.0,285,1.0,9500000,Apartment,11291.5
1450.0,3.0,2.0,1.0,295,1.0,14000000,Apartment,9655.0
1450.0,3.0,3.0,2.0,2,1.0,11600000,Apartment,9655.0
1150.0,3.0,3.0,2.0,335,1.0,12000000,Apartment,9655.0
780.0,2.0,2.0,2.0,335,1.0,7500000,Apartment,9655.0
1300.0,3.0,2.0,2.0,10,2.0,9800000,Apartment,9655.0
1350.0,3.0,3.0,2.0,208,1.0,12000000,Apartment,9655.0
1200.0,3.0,2.0,2.0,174,1.0,12500000,Apartment,9655.0
1460.0,3.0,3.0,2.0,232,1.0,16500000,Apartment,9655.0
1460.0,3.0,3.0,0.0,335,1.0,12000000,Apartment,9655.0
1100.0,2.0,2.0,0.0,335,1.0,7200000,Apartment,9655.0
1500.0,3.0,3.0,1.0,37,2.0,15000000,Apartment,10000.0
1050.0,2.0,2.0,2.0,131,1.0,10000000,Apartment,10000.0
1350.0,3.0,3.0,2.0,114,1.0,11000000,Apartment,10000.0
1500.0,2.0,2.0,1.0,115,2.0,24700000,Apartment,16466.0
976.0,2.0,2.0,1.0,115,2.0,24900000,Apartment,25512.0
540.0,2.0,1.0,2.0,3,1.0,3600000,Builder_Floor,25512.0
450.0,1.0,1.0,2.0,28,1.0,1700000,Builder_Floor,25512.0
900.0,2.0,2.0,0.0,314,1.0,11000000,Apartment,25512.0
2500.0,4.0,4.0,2.0,314,2.0,75000000,Builder_Floor,30000.0
979.5149,2.0,2.0,0.0,116,1.0,24800000,Apartment,30000.0
945.0,2.0,2.0,2.0,116,1.0,24900000,Apartment,30000.0
976.0,2.0,2.0,0.0,116,2.0,24900000,Apartment,30000.0
1531.0,2.0,2.0,0.0,115,2.0,25900000,Apartment,16917.0
1000.0,2.0,2.0,0.0,314,2.0,11700000,Builder_Floor,16917.0
750.0,3.0,2.0,1.0,314,2.0,13500000,Apartment,16917.0
900.0,3.0,2.0,1.0,4,1.0,5500000,Builder_Floor,16917.0
1512.0,2.0,2.0,0.0,115,1.0,30000000,Apartment,19841.0
35.0,3.0,2.0,2.0,3,2.0,4950000,Apartment,19841.0
1500.0,3.0,2.0,2.0,314,1.0,16000000,Apartment,19841.0
2907.0,4.0,4.0,2.0,314,1.0,30000000,Apartment,10320.0
2210.0,4.0,3.0,2.0,314,1.0,41000000,Builder_Floor,10320.0
750.0,2.0,2.0,2.0,4,1.0,3800000,Builder_Floor,10320.0
2518.7526,4.0,5.0,0.0,116,2.0,68900000,Apartment,10320.0
588.0,2.0,2.0,0.0,137,2.0,1800000,Apartment,10320.0
540.0,2.0,1.0,0.0,344,2.0,1500000,Builder_Floor,2778.0
1100.0,3.0,3.0,2.0,314,2.0,12500000,Apartment,2778.0
550.0,2.0,1.0,2.0,28,2.0,1600000,Apartment,2778.0
750.0,3.0,2.0,2.0,27,1.0,2400000,Builder_Floor,2778.0
1260.0,3.0,2.0,2.0,3,1.0,7000000,Builder_Floor,5556.0
675.0,2.0,2.0,0.0,4,1.0,3100000,Builder_Floor,5556.0
810.0,2.0,2.0,2.0,314,1.0,14500000,Apartment,5556.0
3150.0,4.0,5.0,2.0,314,3.0,61500000,Builder_Floor,5556.0
2000.0,4.0,4.0,2.0,314,1.0,27500000,Builder_Floor,5556.0
1775.0,3.0,3.0,2.0,322,1.0,25500000,Apartment,14366.0
1135.0,3.0,3.0,1.0,322,2.0,25000000,Apartment,14366.0
1252.0,2.0,2.0,2.0,322,1.0,18500000,Apartment,14776.0
2000.0,4.0,4.0,2.0,322,1.0,39700000,Apartment,14776.0
530.0,4.0,1.0,2.0,92,1.0,6800000,Apartment,14776.0
1332.0,3.0,2.0,2.0,29,1.0,6540000,Builder_Floor,14776.0
1017.0,3.0,3.0,2.0,322,1.0,22000000,Apartment,14776.0
1775.0,3.0,3.0,2.0,322,1.0,25500000,Apartment,14366.0
987.0,2.0,2.0,2.0,322,1.0,17000000,Apartment,14366.0
1912.0,3.0,3.0,2.0,322,1.0,27500000,Apartment,14382.0
5236.0,5.0,7.0,0.0,322,3.0,73700000,Apartment,14092.0
2805.0,4.0,4.0,0.0,322,2.0,52300000,Apartment,14092.0
1500.0,3.0,3.0,0.0,74,2.0,16000000,Apartment,14092.0
1280.0,3.0,3.0,1.0,148,2.0,15000000,Builder_Floor,14092.0
1775.0,3.0,3.0,2.0,322,1.0,25500000,Apartment,14366.0
675.0,2.0,2.0,2.0,148,1.0,10000000,Builder_Floor,14815.0
576.0,2.0,2.0,0.0,233,1.0,5000000,Apartment,14815.0
1206.0,3.0,3.0,2.0,148,1.0,20000000,Builder_Floor,16584.0
1143.0,2.0,2.0,0.0,73,1.0,16000000,Apartment,125984.0
345.0,1.0,1.0,2.0,148,1.0,5500000,Builder_Floor,125984.0
720.0,2.0,1.0,2.0,92,1.0,7000000,Builder_Floor,9722.0
468.0,2.0,2.0,0.0,148,1.0,4100000,Builder_Floor,8761.0
1600.0,3.0,3.0,2.0,148,1.0,24000000,Builder_Floor,8761.0
950.0,2.0,2.0,1.0,73,1.0,12500000,Apartment,8761.0
535.0,2.0,1.0,1.0,92,1.0,3900000,Apartment,7290.0
1200.0,3.0,2.0,2.0,148,1.0,14500000,Builder_Floor,7290.0
1501.0,3.0,2.0,2.0,322,1.0,20000000,Apartment,13324.0
1135.0,3.0,3.0,1.0,322,2.0,24500000,Apartment,13324.0
1200.0,3.0,2.0,2.0,322,1.0,20900000,Apartment,13324.0
2200.0,3.0,3.0,2.0,322,1.0,43100000,Apartment,13324.0
1240.0,3.0,3.0,0.0,81,1.0,18000000,Apartment,11291.5
3002.0,4.0,5.0,2.0,82,2.0,50000000,Apartment,11291.5
1350.0,3.0,2.0,0.0,214,1.0,18500000,Apartment,11291.5
2300.0,4.0,5.0,2.0,214,3.0,46500000,Apartment,11291.5
1429.0,3.0,3.0,0.0,214,2.0,17500000,Apartment,11291.5
2430.0,4.0,5.0,2.0,214,2.0,42500000,Apartment,11291.5
1450.0,3.0,3.0,2.0,82,2.0,15500000,Apartment,11291.5
1250.0,2.0,2.0,1.0,82,2.0,15000000,Apartment,11291.5
2800.0,4.0,4.0,0.0,82,2.0,40000000,Apartment,14285.0
1646.0,3.0,3.0,0.0,82,1.0,20000000,Apartment,12151.0
900.0,2.0,2.0,2.0,214,1.0,6700000,Apartment,12151.0
1250.0,3.0,2.0,2.0,82,1.0,16000000,Apartment,12151.0
900.0,3.0,2.0,0.0,214,1.0,8000000,Builder_Floor,8889.0
1590.0,3.0,2.0,0.0,82,2.0,25000000,Apartment,8889.0
990.0,3.0,2.0,0.0,214,2.0,25000000,Apartment,8889.0
2282.0,4.0,5.0,0.0,82,2.0,37500000,Apartment,8889.0
1260.0,3.0,3.0,2.0,82,1.0,25000000,Apartment,8889.0
1457.0,3.0,3.0,0.0,214,1.0,23000000,Apartment,8889.0
1400.0,3.0,2.0,2.0,214,2.0,17500000,Apartment,8889.0
2175.0,4.0,4.0,0.0,81,1.0,44000000,Apartment,8889.0
1450.0,3.0,3.0,2.0,82,2.0,15000000,Apartment,8889.0
2800.0,4.0,5.0,2.0,82,2.0,42500000,Apartment,15178.0
861.112,2.0,2.0,1.0,214,2.0,5000000,Builder_Floor,5806.0
2282.0,4.0,5.0,0.0,82,2.0,38000000,Apartment,5806.0
1753.0,3.0,3.0,0.0,82,1.0,19000000,Apartment,10838.0
2659.0,4.0,5.0,0.0,214,3.0,43500000,Apartment,10838.0
1550.0,3.0,2.0,0.0,214,3.0,19500000,Apartment,10838.0
1470.0,3.0,2.0,2.0,82,2.0,14200000,Apartment,10838.0
702.0,3.0,2.0,2.0,214,2.0,14200000,Apartment,10838.0
1138.0,2.0,2.0,2.0,214,2.0,13500000,Apartment,10838.0
1600.0,3.0,3.0,2.0,304,2.0,21000000,Builder_Floor,11291.5
1600.0,3.0,3.0,2.0,304,1.0,22500000,Builder_Floor,11291.5
1250.0,2.0,4.0,2.0,303,1.0,19000000,Builder_Floor,11291.5
810.0,3.0,2.0,2.0,305,1.0,7500000,Builder_Floor,11291.5
585.0,2.0,2.0,2.0,296,1.0,4000000,Builder_Floor,11291.5
1700.0,3.0,3.0,0.0,296,2.0,8000000,Builder_Floor,11291.5
1800.0,3.0,4.0,2.0,304,2.0,19000000,Apartment,10556.0
600.0,1.0,1.0,0.0,305,2.0,7000000,Apartment,10556.0
1250.0,3.0,3.0,0.0,221,1.0,5800000,Builder_Floor,10556.0
600.0,3.0,2.0,2.0,296,1.0,8000000,Builder_Floor,10556.0
1600.0,3.0,4.0,0.0,304,1.0,18800000,Apartment,10556.0
1100.0,3.0,2.0,2.0,221,1.0,6000000,Builder_Floor,10556.0
450.0,1.0,1.0,0.0,221,1.0,2200000,Apartment,10556.0
855.0,3.0,2.0,2.0,296,1.0,6500000,Builder_Floor,10556.0
1291.668,3.0,2.0,0.0,304,1.0,23500000,Apartment,10556.0
1300.0,2.0,2.0,2.0,304,2.0,16000000,Apartment,12307.0
1350.0,3.0,3.0,0.0,304,2.0,20000000,Apartment,12307.0
900.0,2.0,2.0,0.0,304,2.0,5500000,Builder_Floor,12307.0
850.0,2.0,2.0,2.0,304,1.0,13500000,Apartment,15882.0
1650.0,3.0,3.0,2.0,304,1.0,22500000,Builder_Floor,15882.0
650.0,2.0,2.0,0.0,221,1.0,3800000,Apartment,15882.0
630.0,2.0,2.0,2.0,12,1.0,4600000,Builder_Floor,65714.0
1250.0,2.0,1.0,2.0,304,2.0,17500000,Apartment,65714.0
1800.0,4.0,3.0,1.0,221,2.0,5500000,Builder_Floor,65714.0
1500.0,3.0,3.0,2.0,304,2.0,22500000,Builder_Floor,65714.0
1100.0,2.0,2.0,2.0,304,1.0,12500000,Apartment,11363.0
1400.0,3.0,2.0,2.0,304,2.0,19000000,Apartment,13571.0
1300.0,2.0,2.0,2.0,304,2.0,15500000,Apartment,11923.0
1100.0,2.0,2.0,2.0,304,2.0,13500000,Apartment,12272.0
1600.0,3.0,3.0,2.0,304,2.0,21000000,Apartment,13125.0
2250.0,4.0,4.0,2.0,246,2.0,50000000,Builder_Floor,11291.5
2592.0,4.0,3.0,0.0,242,2.0,42500000,Builder_Floor,11291.5
1800.0,4.0,4.0,0.0,249,2.0,45500000,Builder_Floor,11291.5
1700.0,3.0,3.0,2.0,242,2.0,23000000,Builder_Floor,11291.5
1640.0,3.0,3.0,0.0,249,1.0,12000000,Apartment,11291.5
2572.0,3.0,3.0,1.0,249,4.0,35000000,Apartment,13608.0
2100.0,3.0,3.0,2.0,247,1.0,25000000,Builder_Floor,11905.0
1620.0,3.0,3.0,2.0,248,1.0,29000000,Builder_Floor,11905.0
2500.0,4.0,4.0,2.0,249,2.0,80000000,Builder_Floor,11905.0
2250.0,3.0,3.0,2.0,249,2.0,20500000,Apartment,11905.0
2445.0,4.0,4.0,2.0,83,1.0,52500000,Apartment,11905.0
2250.0,4.0,4.0,0.0,242,2.0,37500000,Builder_Floor,11905.0
800.0,2.0,2.0,2.0,246,2.0,7500000,Apartment,11905.0
1450.0,3.0,3.0,2.0,245,2.0,32500000,Builder_Floor,11905.0
1440.0,3.0,3.0,0.0,248,2.0,24500000,Builder_Floor,11905.0
5220.0,5.0,5.0,0.0,249,2.0,65000000,Builder_Floor,11905.0
1800.0,3.0,3.0,2.0,242,2.0,27500000,Builder_Floor,11905.0
4455.0,5.0,5.0,2.0,249,1.0,115000000,Builder_Floor,11905.0
195.0,3.0,3.0,2.0,248,1.0,28000000,Builder_Floor,11905.0
807.2925,2.0,1.0,2.0,248,1.0,8000000,Builder_Floor,9909.0
3500.0,4.0,4.0,1.0,249,3.0,75100000,Builder_Floor,9909.0
1000.0,2.0,2.0,2.0,244,1.0,7800000,Apartment,7800.0
900.0,2.0,2.0,2.0,30,1.0,15000000,Builder_Floor,16667.0
1800.0,3.0,3.0,1.0,243,1.0,27500000,Builder_Floor,15278.0
17010.0,3.0,3.0,2.0,249,2.0,25000000,Builder_Floor,15278.0
2340.0,4.0,4.0,2.0,243,1.0,26000000,Builder_Floor,15278.0
1350.0,3.0,3.0,0.0,243,1.0,23500000,Apartment,15278.0
464.0,3.0,1.0,0.0,30,1.0,4200000,Builder_Floor,15278.0
954.0,2.0,2.0,0.0,243,1.0,10000000,Builder_Floor,15278.0
1155.0,2.0,2.0,2.0,219,1.0,18500000,Builder_Floor,15278.0
700.0,2.0,2.0,0.0,7,1.0,16500000,Apartment,11291.5
980.0,2.0,2.0,2.0,306,2.0,13800000,Apartment,11291.5
1350.0,3.0,3.0,2.0,200,2.0,21000000,Apartment,11291.5
1800.0,3.0,3.0,2.0,109,2.0,22500000,Apartment,11291.5
968.751,2.0,2.0,2.0,13,2.0,15000000,Apartment,11291.5
1250.0,3.0,3.0,2.0,200,2.0,20000000,Apartment,11291.5
1800.0,3.0,3.0,1.0,13,2.0,20000000,Apartment,11291.5
1400.0,3.0,2.0,2.0,306,2.0,26000000,Builder_Floor,11291.5
1000.0,3.0,3.0,2.0,200,2.0,19500000,Apartment,11291.5
1800.0,4.0,2.0,2.0,321,1.0,21500000,Apartment,11291.5
1500.0,3.0,3.0,0.0,7,1.0,26500000,Apartment,11291.5
1600.0,3.0,3.0,2.0,200,2.0,20000000,Apartment,12500.0
1400.0,3.0,3.0,1.0,201,1.0,18000000,Apartment,12500.0
1400.0,3.0,2.0,0.0,7,1.0,19000000,Apartment,12500.0
2700.0,4.0,4.0,0.0,122,2.0,36500000,Builder_Floor,12500.0
1100.0,2.0,2.0,0.0,7,2.0,15000000,Apartment,12500.0
1200.0,2.0,2.0,2.0,7,2.0,17500000,Apartment,12500.0
1400.0,2.0,2.0,2.0,7,2.0,14000000,Apartment,12500.0
1500.0,3.0,3.0,2.0,239,2.0,21000000,Apartment,12500.0
1320.0,3.0,2.0,0.0,7,2.0,15600000,Apartment,12500.0
1300.0,3.0,3.0,0.0,240,2.0,19000000,Apartment,12500.0
1150.0,2.0,2.0,0.0,200,1.0,16500000,Apartment,12500.0
1440.0,3.0,3.0,0.0,7,1.0,19000000,Apartment,12500.0
1400.0,2.0,2.0,0.0,216,1.0,16500000,Apartment,12500.0
450.0,1.0,1.0,2.0,7,1.0,3000000,Builder_Floor,12500.0
1300.0,2.0,2.0,2.0,342,1.0,15000000,Apartment,11538.0
1200.0,2.0,2.0,0.0,216,1.0,14300000,Apartment,11538.0
1300.0,3.0,2.0,0.0,216,1.0,18500000,Apartment,11538.0
1400.0,3.0,3.0,1.0,321,1.0,19000000,Apartment,11538.0
1400.0,3.0,3.0,2.0,7,1.0,19000000,Apartment,11538.0
500.0,2.0,2.0,2.0,119,1.0,3300000,Builder_Floor,11291.5
700.0,2.0,2.0,2.0,119,1.0,3800000,Builder_Floor,11291.5
900.0,3.0,3.0,2.0,119,1.0,7000000,Builder_Floor,11291.5
1260.0,3.0,3.0,2.0,144,2.0,16500000,Builder_Floor,11291.5
950.0,3.0,2.0,2.0,119,1.0,8000000,Apartment,11291.5
405.0,1.0,1.0,0.0,70,1.0,5600000,Builder_Floor,11291.5
1800.0,2.0,2.0,1.0,144,1.0,21000000,Builder_Floor,11291.5
1300.0,3.0,3.0,2.0,144,2.0,21000000,Builder_Floor,11291.5
1000.0,3.0,3.0,2.0,119,2.0,8600000,Apartment,11291.5
900.0,3.0,2.0,2.0,113,2.0,6600000,Apartment,11291.5
1800.0,3.0,3.0,2.0,119,2.0,14000000,Builder_Floor,11291.5
720.0,2.0,2.0,0.0,119,2.0,4700000,Builder_Floor,11291.5
1485.0,3.0,3.0,0.0,260,1.0,30000000,Apartment,11291.5
1600.0,3.0,3.0,2.0,144,2.0,26000000,Builder_Floor,11291.5
1200.0,2.0,2.0,1.0,90,2.0,18500000,Apartment,11291.5
900.0,2.0,2.0,2.0,86,2.0,6500000,Apartment,11291.5
900.0,2.0,2.0,0.0,144,2.0,15000000,Apartment,11291.5
800.0,2.0,2.0,2.0,145,1.0,8000000,Builder_Floor,10000.0
1150.0,2.0,3.0,2.0,90,2.0,16100000,Apartment,10000.0
900.0,3.0,3.0,2.0,119,1.0,6800000,Builder_Floor,10000.0
1070.0,3.0,2.0,1.0,146,1.0,6800000,Apartment,10000.0
1050.0,2.0,2.0,0.0,146,1.0,9000000,Apartment,10000.0
1000.0,2.0,2.0,2.0,145,1.0,18000000,Builder_Floor,18000.0
1550.0,3.0,3.0,0.0,177,2.0,27500000,Builder_Floor,18000.0
1300.0,3.0,2.0,0.0,91,1.0,13500000,Apartment,18000.0
810.0,2.0,2.0,2.0,144,1.0,14000000,Builder_Floor,18000.0
900.0,2.0,2.0,1.0,144,1.0,9000000,Builder_Floor,18000.0
1200.0,2.0,2.0,0.0,90,1.0,16000000,Apartment,18000.0
1000.0,2.0,3.0,2.0,146,1.0,11000000,Apartment,18000.0
720.0,2.0,2.0,0.0,119,1.0,5500000,Builder_Floor,18000.0
2520.0,3.0,3.0,0.0,128,1.0,47500000,Builder_Floor,11291.5
1700.0,3.0,4.0,0.0,128,2.0,45000000,Builder_Floor,11291.5
1800.0,3.0,3.0,2.0,128,2.0,43500000,Builder_Floor,24166.0
6000.0,5.0,5.0,2.0,129,3.0,180000000,Apartment,30000.0
1800.0,4.0,4.0,2.0,128,2.0,80000000,Builder_Floor,30000.0
2000.0,3.0,3.0,0.0,293,2.0,37500000,Apartment,30000.0
2066.0,4.0,4.0,0.0,128,2.0,60000000,Builder_Floor,30000.0
2050.0,3.0,3.0,2.0,130,2.0,71000000,Builder_Floor,30000.0
1100.0,3.0,3.0,0.0,279,2.0,18500000,Apartment,30000.0
4500.0,4.0,4.0,2.0,128,2.0,70000000,Builder_Floor,30000.0
4500.0,4.0,5.0,2.0,130,2.0,85000000,Builder_Floor,170000.0
6500.0,4.0,5.0,0.0,183,3.0,190000000,Builder_Floor,170000.0
4350.0,4.0,6.0,2.0,217,2.0,135000000,Apartment,170000.0
1750.0,3.0,3.0,0.0,128,2.0,35000000,Builder_Floor,170000.0
3600.0,4.0,4.0,2.0,279,2.0,65000000,Builder_Floor,18055.0
1200.0,2.0,2.0,1.0,130,1.0,27500000,Builder_Floor,18055.0
1500.0,3.0,4.0,0.0,128,2.0,45000000,Builder_Floor,18055.0
2250.0,4.0,4.0,0.0,130,3.0,100000000,Builder_Floor,18055.0
1800.0,3.0,4.0,2.0,128,2.0,47000000,Builder_Floor,18055.0
1600.0,3.0,4.0,2.0,128,2.0,27500000,Builder_Floor,18055.0
2800.0,4.0,5.0,2.0,128,3.0,70000000,Builder_Floor,25000.0
1700.0,3.0,3.0,2.0,293,1.0,36500000,Apartment,25000.0
2400.0,4.0,5.0,0.0,130,1.0,65000000,Builder_Floor,25000.0
1980.0,3.0,4.0,0.0,293,1.0,35000000,Apartment,17677.0
2100.0,4.0,5.0,2.0,130,1.0,56000000,Builder_Floor,17677.0
5400.0,4.0,4.0,0.0,130,2.0,110000000,Builder_Floor,17677.0
1250.0,3.0,3.0,2.0,279,1.0,24000000,Builder_Floor,17677.0
2300.0,4.0,4.0,2.0,128,1.0,102500000,Builder_Floor,17677.0
2700.0,4.0,4.0,2.0,130,2.0,100000000,Builder_Floor,37037.0
1450.0,3.0,3.0,2.0,279,1.0,45000000,Builder_Floor,37037.0
2097.0,3.0,3.0,0.0,43,1.0,29000000,Builder_Floor,11291.5
1250.0,3.0,3.0,2.0,17,1.0,25500000,Builder_Floor,11291.5
1600.0,3.0,3.0,2.0,43,2.0,33500000,Builder_Floor,20938.0
2600.0,4.0,5.0,2.0,43,3.0,62500000,Builder_Floor,20938.0
1700.0,3.0,3.0,2.0,43,2.0,47500000,Builder_Floor,20938.0
1116.0,3.0,3.0,2.0,43,1.0,14700000,Builder_Floor,20938.0
1070.0,2.0,3.0,2.0,43,1.0,18000000,Builder_Floor,20938.0
1200.0,3.0,3.0,2.0,43,1.0,22500000,Builder_Floor,20938.0
1200.0,3.0,3.0,0.0,43,1.0,22000000,Builder_Floor,18333.0
1200.0,3.0,3.0,2.0,44,1.0,22200000,Builder_Floor,18333.0
1450.0,3.0,3.0,2.0,43,1.0,22500000,Builder_Floor,18333.0
1000.0,2.0,2.0,2.0,43,1.0,7500000,Apartment,18333.0
2430.0,4.0,4.0,1.0,44,5.0,30000000,Builder_Floor,18333.0
945.0,2.0,1.0,0.0,43,5.0,6500000,Apartment,6878.0
1650.0,3.0,3.0,0.0,43,5.0,35000000,Builder_Floor,6878.0
1350.0,3.0,2.0,2.0,207,1.0,17500000,Builder_Floor,6878.0
2625.0,4.0,5.0,2.0,43,2.0,60000000,Builder_Floor,6878.0
1800.0,4.0,4.0,2.0,43,2.0,40000000,Builder_Floor,6878.0
125.0,3.0,3.0,2.0,43,2.0,11500000,Builder_Floor,6878.0
1440.0,3.0,3.0,2.0,43,2.0,22500000,Builder_Floor,6878.0
1900.0,3.0,4.0,2.0,43,2.0,28500000,Builder_Floor,6878.0
1800.0,3.0,3.0,2.0,43,2.0,29000000,Builder_Floor,6878.0
1200.0,3.0,2.0,2.0,43,1.0,15500000,Builder_Floor,12916.0
1800.0,3.0,3.0,2.0,207,1.0,26000000,Builder_Floor,12916.0
1200.0,3.0,3.0,2.0,43,1.0,16500000,Builder_Floor,12916.0
4118.0,4.0,5.0,0.0,43,3.0,55000000,Builder_Floor,12916.0
1050.0,3.0,2.0,2.0,43,3.0,12500000,Builder_Floor,12916.0
875.0,3.0,3.0,2.0,43,3.0,17500000,Builder_Floor,12916.0
990.0,2.0,2.0,0.0,45,1.0,11500000,Builder_Floor,12916.0
11050.0,3.0,3.0,0.0,43,1.0,18500000,Builder_Floor,12916.0
